site,family,species,species_code,life_form,equation_group,equation_id,equation_taxa,notes_on_species,wsg_id,wsg_specificity
Lilly Dicky,Sapindaceae,Acer rubrum,316,Tree,Expert,7c72ed,Acer rubrum,NA,NA,NA
Lilly Dicky,Sapindaceae,Acer rubrum,316,Tree,Expert,2060ea,Acer rubrum,NA,NA,NA
Lilly Dicky,Sapindaceae,Acer saccharum,318,Tree,Expert,a4d879,Acer saccharum,NA,NA,NA
Lilly Dicky,Rosaceae,Amelanchier arborea,356,Tree,Expert,c59e03,Amelanchier,NA,NA,NA
Lilly Dicky,Rosaceae,Amelanchier arborea,356,Tree,Expert,96c0af,Amelanchier,NA,NA,NA
Lilly Dicky,Rosaceae,Amelanchier arborea,356,Tree,Expert,529234,Amelanchier,NA,NA,NA
Lilly Dicky,Annonaceae,Asimina triloba,367,Tree,Generic,ae65ed,Mixed hardwood,NA,NA,NA
Lilly Dicky,Betulaceae,Carpinus caroliniana,391,Tree,Generic,ae65ed,Mixed hardwood,NA,NA,NA
Lilly Dicky,Juglandaceae,Carya alba,409,Tree,Expert,9c4cc9,Carya,NA,NA,NA
Lilly Dicky,Juglandaceae,Carya cordiformis,402,Tree,Expert,9c4cc9,Carya,NA,NA,NA
Lilly Dicky,Juglandaceae,Carya glabra,403,Tree,Expert,9c4cc9,Carya,NA,NA,NA
Lilly Dicky,Juglandaceae,Carya ovata,407,Tree,Expert,9c4cc9,Carya,NA,NA,NA
Lilly Dicky,Juglandaceae,Carya sp.,,Tree,Generic,1c1ac8,Juglandaceae,NA,NA,NA
Lilly Dicky,Cannabaceae,Celtis occidentalis,462,Tree,Generic,ae65ed,Mixed hardwood,NA,NA,NA
Lilly Dicky,Fabaceae,Cercis canadensis,471,Tree,Generic,7f7777,Fabaceae,NA,NA,NA
Lilly Dicky,Cornaceae,Cornus florida,491,Tree,Expert,cf733d,Cornus florida,NA,NA,NA
Lilly Dicky,Rosaceae,Crataegus sp.,500,Shrub,Generic,f08fff,Rosaceae,NA,NA,NA
Lilly Dicky,Fagaceae,Fagus grandifolia,531,Tree,Expert,281635,Fagus grandifolia,NA,NA,NA
Lilly Dicky,Oleaceae,Fraxinus americana,541,Tree,Expert,122ba6,Fraxinus americana,NA,NA,NA
Lilly Dicky,Oleaceae,Fraxinus americana,541,Tree,Expert,e3f3bf,Fraxinus americana,NA,NA,NA
Lilly Dicky,Oleaceae,Fraxinus pennsylvanica,544,Tree,Expert,122ba6,Fraxinus americana,NA,NA,NA
Lilly Dicky,Hamamelidaceae,Hamamelis virginiana,498,Shrub,Expert,76aa3c,Hamamelis virginiana,NA,NA,NA
Lilly Dicky,Cupressaceae,Juniperus virginiana,68,Tree,Expert,c36a5b,Juniperus virginiana,NA,NA,NA
Lilly Dicky,Lauraceae,Lindera benzoin,609,Shrub,Generic,f08fff,Lauraceae,NA,NA,NA
Lilly Dicky,Magnoliaceae,Liriodendron tulipifera,621,Tree,Expert,94f593,Liriodendron tulipifera,NA,NA,NA
Lilly Dicky,Magnoliaceae,Liriodendron tulipifera,621,Tree,Expert,c48e81,Liriodendron tulipifera,NA,NA,NA
Lilly Dicky,Nyssaceae,Nyssa sylvatica,693,Tree,Expert,8c94e8,Nyssa sylvatica,NA,NA,NA
Lilly Dicky,Betulaceae,Ostrya virginiana,701,Tree,Expert,289f7c,Ostrya virginiana,NA,NA,NA
Lilly Dicky,Betulaceae,Ostrya virginiana,701,Tree,Expert,b9d4fc,Ostrya virginiana,NA,NA,NA
Lilly Dicky,Paulowniaceae,Paulownia tomentosa,712,Tree,Generic,ae65ed,Mixed hardwood,NA,NA,NA
Lilly Dicky,Rosaceae,Prunus serotina,762,Tree,Generic,f08fff,Rosaceae,NA,NA,NA
Lilly Dicky,Rosaceae,Prunus serotina,762,Tree,Expert,8aecca,Prunus serotina,NA,NA,NA
Lilly Dicky,Fagaceae,Quercus alba,802,Tree,Expert,524aca,Quercus alba,NA,NA,NA
Lilly Dicky,Fagaceae,Quercus coccinea,806,Tree,Expert,162ce7,Quercus coccinea,NA,NA,NA
Lilly Dicky,Fagaceae,Quercus prinus,832,Tree,Expert,e94dab,Quercus prinus,NA,NA,NA
Lilly Dicky,Fagaceae,Quercus prinus,832,Tree,Expert,76df22,Quercus prinus,NA,NA,NA
Lilly Dicky,Fagaceae,Quercus rubra,833,Tree,Expert,1d7c4c,Quercus rubra,NA,NA,NA
Lilly Dicky,Fagaceae,Quercus velutina,837,Tree,Expert,23ec05,Quercus velutina,NA,NA,NA
Lilly Dicky,Fagaceae,Quercus velutina,837,Tree,Expert,4b8afb,Quercus velutina,NA,NA,NA
Lilly Dicky,Fagaceae,Quercus velutina,837,Tree,Expert,c70dea,Quercus velutina,NA,NA,NA
Lilly Dicky,Anacardiaceae,Rhus typhina,899,Shrub,Generic,ae65ed,Mixed hardwood,NA,NA,NA
Lilly Dicky,Fabaceae,Robinia pseudoacacia,901,Tree,Expert,333c34,Robinia pseudoacacia,NA,NA,NA
Lilly Dicky,Fabaceae,Robinia pseudoacacia,901,Tree,Generic,7f7777,Fabaceae,NA,NA,NA
Lilly Dicky,Fabaceae,Robinia pseudoacacia,901,Tree,Expert,e9d686,Robinia pseudoacacia,NA,NA,NA
Lilly Dicky,Lauraceae,Sassafras albidum,931,Tree,Expert,c13e0f,Sassafras albidum,NA,NA,NA
Lilly Dicky,Malvaceae,Tilia americana,951,Tree,Expert,3e6f4d,Tilia americana,NA,NA,NA
Lilly Dicky,Malvaceae,Tilia americana,951,Tree,Expert,3f99ba,Tilia americana,NA,NA,NA
Lilly Dicky,Malvaceae,Tilia americana,951,Tree,Expert,bebe2e,Tilia americana,NA,NA,NA
Lilly Dicky,Malvaceae,Tilia americana,951,Tree,Expert,76d19b,Tilia americana,NA,NA,NA
Lilly Dicky,Ulmaceae,Ulmus americana,972,Tree,Expert,2473f9,Ulmus americana,NA,NA,NA
Lilly Dicky,Ulmaceae,Ulmus rubra,975,Tree,Expert,2473f9,Ulmus americana,NA,NA,NA
SCBI,Aceraceae,Acer negundo,acne,Tree,Generic,d6be5c,Aceraceae,NA,NA,NA
SCBI,Aceraceae,Acer platanoides,acpl,Tree,Generic,d6be5c,Aceraceae,NA,NA,NA
SCBI,Aceraceae,Acer rubrum,acru,Tree,Expert,7c72ed,Acer rubrum,NA,NA,NA
SCBI,Simaroubaceae,Ailanthus altissima,aial,Tree,Generic,ae65ed,Mixed hardwood,NA,NA,NA
SCBI,Rosaceae,Amelanchier arborea,amar,Tree,Expert,c59e03,Amelanchier,NA,NA,NA
SCBI,Rosaceae,Amelanchier arborea,amar,Tree,Expert,96c0af,Amelanchier,NA,NA,NA
SCBI,Rosaceae,Amelanchier arborea,amar,Tree,Expert,529234,Amelanchier,NA,NA,NA
SCBI,Annonaceae,Asimina triloba,astr,Tree,Generic,ae65ed,Mixed hardwood,NA,NA,NA
SCBI,Berberidaceae,Berberis thunbergii,beth,Shrub,Generic,ae65ed,Mixed hardwood,NA,NA,NA
SCBI,Betulaceae,Carpinus caroliniana,caca,Tree,Generic,ae65ed,Mixed hardwood,NA,NA,NA
SCBI,Juglandaceae,Carya cordiformis,caco,Tree,Expert,9c4cc9,Carya,NA,NA,NA
SCBI,Juglandaceae,Carya glabra,cagl,Tree,Expert,9c4cc9,Carya,NA,NA,NA
SCBI,Juglandaceae,Carya ovalis,caovl,Tree,Expert,9c4cc9,Carya,NA,NA,NA
SCBI,Juglandaceae,Carya sp.,casp,Tree,Expert,9c4cc9,Carya,NA,NA,NA
SCBI,Juglandaceae,Carya sp.,casp,Tree,Generic,1c1ac8,Juglandaceae,NA,NA,NA
SCBI,Juglandaceae,Carya tomentosa,cato,Tree,Expert,9c4cc9,Carya,NA,NA,NA
SCBI,Fagaceae,Castanea dentata,cade,Tree,Generic,5edb7f,Fagaceae,NA,NA,NA
SCBI,Cannabaceae,Celtis occidentalis,ceoc,Tree,Generic,ae65ed,Mixed hardwood,NA,NA,NA
SCBI,Fabaceae,Cercis canadensis,ceca,Tree,Generic,7f7777,Fabaceae,NA,NA,NA
SCBI,Oleaceae,Chionanthus virginicus,chvi,Shrub,Generic,ae65ed,Mixed hardwood,NA,NA,NA
SCBI,Cornaceae,Cornus alternifolia,coal,Tree,Expert,f3e023,Cornus florida,NA,NA,NA
SCBI,Cornaceae,Cornus florida,cofl,Tree,Expert,f3e023,Cornus florida,NA,NA,NA
SCBI,Betulaceae,Corylus americana,coam,Shrub,Generic,ae65ed,Mixed hardwood,NA,NA,NA
SCBI,Rosaceae,Crataegus pruinosa,crpr,Shrub,Generic,f08fff,Rosaceae,NA,NA,NA
SCBI,Ebenaceae,Diospyros virginiana,divi,Tree,Generic,ae65ed,Mixed hardwood,NA,NA,NA
SCBI,Elaeagnaceae,Elaeagnus umbellata,elum,Shrub,Generic,ae65ed,Mixed hardwood,NA,NA,NA
SCBI,Celastraceae,Euonymus alatus,eual,Shrub,Generic,ae65ed,Mixed hardwood,NA,NA,NA
SCBI,Fagaceae,Fagus grandifolia,fagr,Tree,Expert,281635,Fagus grandifolia,NA,NA,NA
SCBI,Oleaceae,Fraxinus americana,fram,Tree,Expert,122ba6,Fraxinus americana,NA,NA,NA
SCBI,Oleaceae,Fraxinus nigra,frni,Tree,Expert,0edaff,Fraxinus nigra,NA,NA,NA
SCBI,Oleaceae,Fraxinus pennsylvanica,frpe,Tree,Expert,0edaff,Fraxinus nigra,NA,NA,NA
SCBI,Hamamelidaceae,Hamamelis virginiana,havi,Shrub,Expert,76aa3c,Hamamelis virginiana,NA,NA,NA
SCBI,Aquifoliaceae,Ilex verticillata,ilve,Shrub,Generic,f08fff,Aquifoliaceae,NA,NA,NA
SCBI,Juglandaceae,Juglans cinerea,juci,Tree,Generic,1c1ac8,Juglandaceae,NA,NA,NA
SCBI,Juglandaceae,Juglans nigra,juni,Tree,Generic,1c1ac8,Juglandaceae,NA,NA,NA
SCBI,Lauraceae,Lindera benzoin,libe,Shrub,Generic,f08fff,Lauraceae,NA,NA,NA
SCBI,Magnoliaceae,Liriodendron tulipifera,litu,Tree,Expert,94f593,Liriodendron tulipifera,NA,NA,NA
SCBI,Magnoliaceae,Liriodendron tulipifera,litu,Tree,Expert,c48e81,Liriodendron tulipifera,NA,NA,NA
SCBI,Caprifoliaceae,Lonicera maackii,loma,Shrub,Expert,28dce6,Lonicera canadensis,NA,NA,NA
SCBI,Nyssaceae,Nyssa sylvatica,nysy,Tree,Expert,e8ebc2,Nyssa sylvatica,NA,NA,NA
SCBI,Nyssaceae,Nyssa sylvatica,nysy,Tree,Expert,380d95,Nyssa sylvatica,NA,NA,NA
SCBI,Nyssaceae,Nyssa sylvatica,nysy,Tree,Expert,23ab74,Nyssa sylvatica,NA,NA,NA
SCBI,Paulowniaceae,Paulownia tomentosa,pato,Tree,Generic,ae65ed,Mixed hardwood,NA,NA,NA
SCBI,Pinaceae,Pinus pungens,pipu,Tree,Expert,21800b,Pinus strobus,NA,NA,NA
SCBI,Pinaceae,Pinus strobus,pist,Tree,Expert,21800b,Pinus strobus,NA,NA,NA
SCBI,Pinaceae,Pinus virginiana,pivi,Tree,Generic,90c207,Pinus,NA,NA,NA
SCBI,Pinaceae,Pinus virginiana,pivi,Tree,Expert,6ea81f,Pinus taeda,NA,NA,NA
SCBI,Platanaceae,Platanus occidentalis,PLOC,Tree,Expert,73325b,Platanus occidentalis,NA,NA,NA
SCBI,Platanaceae,Platanus occidentalis,PLOC,Tree,Expert,0a1212,Platanus occidentalis,NA,NA,NA
SCBI,Rosaceae,Prunus avium,prav,Tree,Generic,f08fff,Rosaceae,NA,NA,NA
SCBI,Rosaceae,Prunus avium,prav,Tree,Expert,8aecca,Prunus serotina,NA,NA,NA
SCBI,Rosaceae,Prunus persica,prpe,Tree,Generic,f08fff,Rosaceae,NA,NA,NA
SCBI,Rosaceae,Prunus persica,prpe,Tree,Expert,8aecca,Prunus serotina,NA,NA,NA
SCBI,Rosaceae,Prunus serotina,prse,Tree,Generic,f08fff,Rosaceae,NA,NA,NA
SCBI,Rosaceae,Prunus serotina,prse,Tree,Expert,8aecca,Prunus serotina,NA,NA,NA
SCBI,Fagaceae,Quercus alba,qual,Tree,Expert,524aca,Quercus alba,NA,NA,NA
SCBI,Fagaceae,Quercus coccinea,quco,Tree,Expert,162ce7,Quercus coccinea,NA,NA,NA
SCBI,Fagaceae,Quercus falcata,qufa,Tree,Expert,81397c,Quercus falcata,NA,NA,NA
SCBI,Fagaceae,Quercus falcata,qufa,Tree,Expert,6943b4,Quercus falcata,NA,NA,NA
SCBI,Fagaceae,Quercus michauxii,qumi,Tree,Expert,76df22,Quercus prinus,NA,NA,NA
SCBI,Fagaceae,Quercus michauxii,qumi,Tree,Expert,e94dab,Quercus prinus,NA,NA,NA
SCBI,Fagaceae,Quercus montana,qupr,Tree,Expert,76df22,Quercus prinus,NA,NA,NA
SCBI,Fagaceae,Quercus montana,qupr,Tree,Expert,e94dab,Quercus prinus,NA,NA,NA
SCBI,Fagaceae,Quercus muehlenbergii,qumu,Tree,Expert,76df22,Quercus prinus,NA,NA,NA
SCBI,Fagaceae,Quercus muehlenbergii,qumu,Tree,Expert,e94dab,Quercus prinus,NA,NA,NA
SCBI,Fagaceae,Quercus rubra,quru,Tree,Expert,1d7c4c,Quercus rubra,NA,NA,NA
SCBI,Fagaceae,Quercus velutina,quve,Tree,Expert,23ec05,Quercus velutina,NA,NA,NA
SCBI,Fagaceae,Quercus velutina,quve,Tree,Expert,c70dea,Quercus velutina,NA,NA,NA
SCBI,Fabaceae,Robinia pseudoacacia,rops,Tree,Expert,333c34,Robinia pseudoacacia,NA,NA,NA
SCBI,Fabaceae,Robinia pseudoacacia,rops,Tree,Generic,7f7777,Fabaceae,NA,NA,NA
SCBI,Fabaceae,Robinia pseudoacacia,rops,Tree,Expert,e9d686,Robinia pseudoacacia,NA,NA,NA
SCBI,Rosaceae,Rosa multiflora,romu,Shrub,Expert,a1646f,Rosa,NA,NA,NA
SCBI,Rosaceae,Rubus allegheniensis,rual,Shrub,Expert,b61369,Rubus idaeus,NA,NA,NA
SCBI,Rosaceae,Rubus pensilvanicus,rupe,Shrub,Expert,b61369,Rubus idaeus,NA,NA,NA
SCBI,Rosaceae,Rubus phoenicolasius,ruph,Shrub,Expert,b61369,Rubus idaeus,NA,NA,NA
SCBI,Adoxaceae,Sambucus canadensis,saca,Shrub,Generic,ae65ed,Mixed hardwood,NA,NA,NA
SCBI,Lauraceae,Sassafras albidum,saal,Tree,Expert,2c092b,Sassafras albidum,NA,NA,NA
SCBI,Malvaceae,Tilia americana,tiam,Tree,Expert,3e6f4d,Tilia americana,NA,NA,NA
SCBI,Malvaceae,Tilia americana,tiam,Tree,Expert,3f99ba,Tilia americana,NA,NA,NA
SCBI,Malvaceae,Tilia americana,tiam,Tree,Expert,bebe2e,Tilia americana,NA,NA,NA
SCBI,Malvaceae,Tilia americana,tiam,Tree,Expert,76d19b,Tilia americana,NA,NA,NA
SCBI,Ulmaceae,Ulmus americana,ulam,Tree,Expert,8eca60,Ulmus,NA,NA,NA
SCBI,Ulmaceae,Ulmus rubra,ulru,Tree,Expert,8eca60,Ulmus,NA,NA,NA
SCBI,Adoxaceae,Viburnum acerifolium,viac,Shrub,Expert,5e2dea,Virburnum lantanoides,NA,NA,NA
SCBI,Adoxaceae,Viburnum prunifolium,vipr,Shrub,Expert,5e2dea,Virburnum lantanoides,NA,NA,NA
SCBI,Adoxaceae,Viburnum recognitum,vire,Shrub,Expert,5e2dea,Virburnum lantanoides,NA,NA,NA
SERC,Aceraceae,Acer negundo,ACNE2,Tree,Generic,d6be5c,Aceraceae,NA,NA,NA
SERC,Aceraceae,Acer rubrum,ACRU,Tree,Expert,7c72ed,Acer rubrum,NA,NA,NA
SERC,Simaroubaceae,Ailanthus altissima,AIAL,Tree,Generic,ae65ed,Mixed hardwood,NA,NA,NA
SERC,Fabaceae,Albizia julibrissin,ALJU,Tree,Generic,7f7777,Fabaceae,NA,NA,NA
SERC,Rosaceae,Amelanchier arborea,AMAR3,Tree,Expert,c59e03,Amelanchier,NA,NA,NA
SERC,Rosaceae,Amelanchier arborea,AMAR3,Tree,Expert,96c0af,Amelanchier,NA,NA,NA
SERC,Rosaceae,Amelanchier arborea,AMAR3,Tree,Expert,529234,Amelanchier,NA,NA,NA
SERC,Rosaceae,Amelanchier canadensis,AMCA4,Tree,Expert,c59e03,Amelanchier,NA,NA,NA
SERC,Rosaceae,Amelanchier canadensis,AMCA4,Tree,Expert,96c0af,Amelanchier,NA,NA,NA
SERC,Rosaceae,Amelanchier canadensis,AMCA4,Tree,Expert,529234,Amelanchier,NA,NA,NA
SERC,Araliaceae,Aralia spinosa,ARSP2,Shrub,Generic,ae65ed,Mixed hardwood,NA,NA,NA
SERC,Annonaceae,Asimina triloba,ASTR,Tree,Generic,ae65ed,Mixed hardwood,NA,NA,NA
SERC,Moraceae,Broussonetia papyrifera,BRPA4,Tree,Generic,ae65ed,Mixed hardwood,NA,NA,NA
SERC,Betulaceae,Carpinus caroliniana,CACA18,Tree,Generic,ae65ed,Mixed hardwood,NA,NA,NA
SERC,Juglandaceae,Carya alba,CAAL27,Tree,Expert,9c4cc9,Carya,NA,NA,NA
SERC,Juglandaceae,Carya cordiformis,CACO15,Tree,Expert,9c4cc9,Carya,NA,NA,NA
SERC,Juglandaceae,Carya glabra,CAGL8,Tree,Expert,9c4cc9,Carya,NA,NA,NA
SERC,Juglandaceae,Carya sp.,CARYA,Tree,Expert,9c4cc9,Carya,NA,NA,NA
SERC,Juglandaceae,Carya sp.,CARYA,Tree,Generic,1c1ac8,Juglandaceae,NA,NA,NA
SERC,Cannabaceae,Celtis occidentalis,CEOC,Tree,Generic,ae65ed,Mixed hardwood,NA,NA,NA
SERC,Rubiaceae,Cephalanthus occidentalis,CEOC2,Shrub,Generic,ae65ed,Mixed hardwood,NA,NA,NA
SERC,Fabaceae,Cercis canadensis,CECA4,Tree,Generic,7f7777,Fabaceae,NA,NA,NA
SERC,Cornaceae,Cornus florida,COFL2,Tree,Expert,f3e023,Cornus florida,NA,NA,NA
SERC,Elaeagnaceae,Elaeagnus angustifolia,ELAN,Shrub,Generic,ae65ed,Mixed hardwood,NA,NA,NA
SERC,Elaeagnaceae,Elaeagnus umbellata,ELUM,Shrub,Generic,ae65ed,Mixed hardwood,NA,NA,NA
SERC,Fagaceae,Fagus grandifolia,FAGR,Tree,Expert,281635,Fagus grandifolia,NA,NA,NA
SERC,Oleaceae,Fraxinus americana,FRAM2,Tree,Expert,122ba6,Fraxinus americana,NA,NA,NA
SERC,Oleaceae,Fraxinus pennsylvanica,FRPE,Tree,Expert,b521bd,Fraxinus pennsylvanica,NA,NA,NA
SERC,Aquifoliaceae,Ilex opaca,ILOP,Shrub,Generic,f08fff,Aquifoliaceae,NA,NA,NA
SERC,Aquifoliaceae,Ilex verticillata,ILVE,Shrub,Generic,f08fff,Aquifoliaceae,NA,NA,NA
SERC,Juglandaceae,Juglans nigra,JUNI,Tree,Generic,1c1ac8,Juglandaceae,NA,NA,NA
SERC,Cupressaceae,Juniperus virginiana,JUVI,Tree,Expert,c36a5b,Juniperus virginiana,NA,NA,NA
SERC,Ericaceae,Kalmia latifolia,KALA,Shrub,Generic,f08fff,Ericaceae,NA,NA,NA
SERC,Oleaceae,Ligustrum sp.,LIGUS2,Shrub,Generic,ae65ed,Mixed hardwood,NA,NA,NA
SERC,Lauraceae,Lindera benzoin,LIBE3,Shrub,Generic,f08fff,Lauraceae,NA,NA,NA
SERC,Altingiaceae,Liquidambar styraciflua,LIST2,Tree,Expert,6f6bc3,Liquidambar styraciflua,NA,NA,NA
SERC,Magnoliaceae,Liriodendron tulipifera,LITU,Tree,Expert,94f593,Liriodendron tulipifera,NA,NA,NA
SERC,Magnoliaceae,Liriodendron tulipifera,LITU,Tree,Expert,c48e81,Liriodendron tulipifera,NA,NA,NA
SERC,Caprifoliaceae,Lonicera maackii,LOMA6,Shrub,Expert,28dce6,Lonicera canadensis,NA,NA,NA
SERC,Moraceae,Morus rubra,MORU2,Tree,Generic,ae65ed,Mixed hardwood,NA,NA,NA
SERC,Nyssaceae,Nyssa sylvatica,NYSY,Tree,Expert,e8ebc2,Nyssa sylvatica,NA,NA,NA
SERC,Nyssaceae,Nyssa sylvatica,NYSY,Tree,Expert,380d95,Nyssa sylvatica,NA,NA,NA
SERC,Nyssaceae,Nyssa sylvatica,NYSY,Tree,Expert,23ab74,Nyssa sylvatica,NA,NA,NA
SERC,Scrophulariaceae,Paulownia tomentosa,PATO2,Tree,Generic,ae65ed,Mixed hardwood,NA,NA,NA
SERC,Pinaceae,Pinus taeda,PITA,Tree,Expert,6ea81f,Pinus taeda,NA,NA,NA
SERC,Pinaceae,Pinus virginiana,PIVI2,Tree,Generic,90c207,Pinus,NA,NA,NA
SERC,Pinaceae,Pinus virginiana,PIVI2,Tree,Expert,6ea81f,Pinus taeda,NA,NA,NA
SERC,Platanaceae,Platanus occidentalis,PLOC,Tree,Expert,73325b,Platanus occidentalis,NA,NA,NA
SERC,Platanaceae,Platanus occidentalis,PLOC,Tree,Expert,0a1212,Platanus occidentalis,NA,NA,NA
SERC,Salicaceae,Populus grandidentata,POGR4,Tree,Expert,3172f7,Populus grandidentata,NA,NA,NA
SERC,Rosaceae,Prunus avium,PRAV,Tree,Generic,f08fff,Rosaceae,NA,NA,NA
SERC,Rosaceae,Prunus avium,PRAV,Tree,Expert,8aecca,Prunus serotina,NA,NA,NA
SERC,Rosaceae,Prunus serotina,PRSE2,Tree,Generic,f08fff,Rosaceae,NA,NA,NA
SERC,Rosaceae,Prunus serotina,PRSE2,Tree,Expert,8aecca,Prunus serotina,NA,NA,NA
SERC,Fagaceae,Quercus alba,QUAL,Tree,Expert,524aca,Quercus alba,NA,NA,NA
SERC,Fagaceae,Quercus coccinea,QUCO2,Tree,Expert,162ce7,Quercus coccinea,NA,NA,NA
SERC,Fagaceae,Quercus falcata,QUFA,Tree,Expert,81397c,Quercus falcata,NA,NA,NA
SERC,Fagaceae,Quercus falcata,QUFA,Tree,Expert,6943b4,Quercus falcata,NA,NA,NA
SERC,Fagaceae,Quercus michauxii,QUMI,Tree,Expert,76df22,Quercus prinus,NA,NA,NA
SERC,Fagaceae,Quercus michauxii,QUMI,Tree,Expert,e94dab,Quercus prinus,NA,NA,NA
SERC,Fagaceae,Quercus montana,QUMO4,Tree,Expert,76df22,Quercus prinus,NA,NA,NA
SERC,Fagaceae,Quercus montana,QUMO4,Tree,Expert,f21996,Quercus prinus,NA,NA,NA
SERC,Fagaceae,Quercus palustris,QUPA2,Tree,Expert,1d7c4c,Quercus rubra,NA,NA,NA
SERC,Fagaceae,Quercus rubra,QURU,Tree,Expert,1d7c4c,Quercus rubra,NA,NA,NA
SERC,Fagaceae,Quercus sp.,QUERC,Tree,Generic,5edb7f,Fagaceae,NA,NA,NA
SERC,Fagaceae,Quercus stellata,QUST,Tree,Expert,b40702,Quercus stellata,NA,NA,NA
SERC,Fagaceae,Quercus velutina,QUVE,Tree,Expert,23ec05,Quercus velutina,NA,NA,NA
SERC,Fagaceae,Quercus velutina,QUVE,Tree,Expert,c70dea,Quercus velutina,NA,NA,NA
SERC,Ericaceae,Rhododendron arborescens,RHAR3,Shrub,Generic,f08fff,Ericaceae,NA,NA,NA
SERC,Anacardiaceae,Rhus typhina,RHTY,Shrub,Generic,ae65ed,Mixed hardwood,NA,NA,NA
SERC,Rosaceae,Rosa multiflora,ROMU,Shrub,Expert,a1646f,Rosa,NA,NA,NA
SERC,Salicaceae,Salix nigra,SANI,Shrub,Generic,829bad,Salicaceae,NA,NA,NA
SERC,Adoxaceae,Sambucus nigra,SANIC4,Shrub,Generic,ae65ed,Mixed hardwood,NA,NA,NA
SERC,Lauraceae,Sassafras albidum,SAAL5,Tree,Expert,2c092b,Sassafras albidum,NA,NA,NA
SERC,Malvaceae,Tilia americana,TIAM,Tree,Expert,3e6f4d,Tilia americana,NA,NA,NA
SERC,Malvaceae,Tilia americana,TIAM,Tree,Expert,3f99ba,Tilia americana,NA,NA,NA
SERC,Malvaceae,Tilia americana,TIAM,Tree,Expert,bebe2e,Tilia americana,NA,NA,NA
SERC,Malvaceae,Tilia americana,TIAM,Tree,Expert,76d19b,Tilia americana,NA,NA,NA
SERC,Ulmaceae,Ulmus americana,ULAM,Tree,Expert,8eca60,Ulmus,NA,NA,NA
SERC,Ulmaceae,Ulmus rubra,ULRU,Tree,Expert,8eca60,Ulmus,NA,NA,NA
SERC,Ericaceae,Vaccinium corymbosum,VACO,Shrub,Generic,f08fff,Ericaceae,NA,NA,NA
SERC,Ericaceae,Vaccinium sp.,VACCI,Shrub,Generic,f08fff,Ericaceae,NA,NA,NA
SERC,Adoxaceae,Viburnum acerifolium,VIAC,Shrub,Expert,5e2dea,Virburnum lantanoides,NA,NA,NA
SERC,Adoxaceae,Viburnum dentatum,VIDE,Shrub,Expert,5e2dea,Virburnum lantanoides,NA,NA,NA
SERC,Adoxaceae,Viburnum prunifolium,VIPR,Shrub,Expert,5e2dea,Virburnum lantanoides,NA,NA,NA
Tyson,Sapindaceae,Acer negundo,aceneg,Tree,Generic,d6be5c,Sapindaceae,NA,NA,NA
Tyson,Sapindaceae,Acer rubrum,acerub,Tree,Expert,2060ea,Acer rubrum,NA,NA,NA
Tyson,Sapindaceae,Acer saccharum,acesac,Tree,Expert,a4d879,Acer saccharum,NA,NA,NA
Tyson,Simaroubaceae,Ailanthus altissima,ailalt,Tree,Generic,ae65ed,Mixed hardwood,NA,NA,NA
Tyson,Rosaceae,Amelanchier arborea,amearb,Tree,Expert,c59e03,Amelanchier,NA,NA,NA
Tyson,Rosaceae,Amelanchier arborea,amearb,Tree,Expert,96c0af,Amelanchier,NA,NA,NA
Tyson,Rosaceae,Amelanchier arborea,amearb,Tree,Expert,529234,Amelanchier,NA,NA,NA
Tyson,Annonaceae,Asimina triloba,asitri,Tree,Generic,ae65ed,Mixed hardwood,NA,NA,NA
Tyson,Juglandaceae,Carya cordiformis,carcor,Tree,Expert,9c4cc9,Carya,NA,NA,NA
Tyson,Juglandaceae,Carya glabra,cargla,Tree,Expert,9c4cc9,Carya,NA,NA,NA
Tyson,Juglandaceae,Carya ovata,carova,Tree,Expert,9c4cc9,Carya,NA,NA,NA
Tyson,Juglandaceae,Carya sp.,carsp,Tree,Expert,9c4cc9,Carya,NA,NA,NA
Tyson,Juglandaceae,Carya sp.,carsp,Tree,Generic,1c1ac8,Juglandaceae,NA,NA,NA
Tyson,Juglandaceae,Carya texana,cartex,Tree,Expert,9c4cc9,Carya,NA,NA,NA
Tyson,Juglandaceae,Carya tomentosa,cartom,Tree,Expert,9c4cc9,Carya,NA,NA,NA
Tyson,Cannabaceae,Celtis occidentalis,celocc,Tree,Generic,ae65ed,Mixed hardwood,NA,NA,NA
Tyson,Cannabaceae,Celtis tenuifolia,celten,Tree,Generic,ae65ed,Mixed hardwood,NA,NA,NA
Tyson,Fabaceae,Cercis canadensis,cercan,Tree,Generic,7f7777,Fabaceae,NA,NA,NA
Tyson,Cornaceae,Cornus drummondii,cordru,Tree,Expert,cf733d,Cornus florida,NA,NA,NA
Tyson,Cornaceae,Cornus florida,corflo,Tree,Expert,cf733d,Cornus florida,NA,NA,NA
Tyson,Rosaceae,Crataegus sp.,crasp,Shrub,Generic,f08fff,Rosaceae,NA,NA,NA
Tyson,Ebenaceae,Diospyros virginiana,diovir,Tree,Generic,ae65ed,Mixed hardwood,NA,NA,NA
Tyson,Rhamnaceae,Frangula caroliniana,fracar,Shrub,Generic,ae65ed,Mixed hardwood,NA,NA,NA
Tyson,Oleaceae,Fraxinus americana,fraame,Tree,Expert,122ba6,Fraxinus americana,NA,NA,NA
Tyson,Oleaceae,Fraxinus americana,fraame,Tree,Expert,e3f3bf,Fraxinus americana,NA,NA,NA
Tyson,Fabaceae,Gleditsia triacanthos,gletri,Tree,Generic,7f7777,Fabaceae,NA,NA,NA
Tyson,Juglandaceae,Juglans nigra,jugnig,Tree,Generic,1c1ac8,Juglandaceae,NA,NA,NA
Tyson,Cupressaceae,Juniperus virginiana,junvir,Tree,Expert,c36a5b,Juniperus virginiana,NA,NA,NA
Tyson,Lauraceae,Lindera benzoin,linben,Shrub,Generic,f08fff,Lauraceae,NA,NA,NA
Tyson,Caprifoliaceae,Lonicera maackii,lonmaa,Shrub,Expert,28dce6,Lonicera canadensis,NA,NA,NA
Tyson,Rosaceae,Malus ioensis,malioe,Shrub,Generic,f08fff,Rosaceae,NA,NA,NA
Tyson,Moraceae,Morus rubra,morrub,Tree,Generic,ae65ed,Mixed hardwood,NA,NA,NA
Tyson,Betulaceae,Ostrya virginiana,ostvir,Tree,Expert,289f7c,Ostrya virginiana,NA,NA,NA
Tyson,Betulaceae,Ostrya virginiana,ostvir,Tree,Expert,b9d4fc,Ostrya virginiana,NA,NA,NA
Tyson,Platanaceae,Platanus occidentalis,plaocc,Tree,Expert,73325b,Platanus occidentalis,NA,NA,NA
Tyson,Platanaceae,Platanus occidentalis,plaocc,Tree,Expert,0a1212,Platanus occidentalis,NA,NA,NA
Tyson,Rosaceae,Prunus americana,pruame,Tree,Expert,8aecca,Prunus serotina,NA,NA,NA
Tyson,Rosaceae,Prunus serotina,pruser,Tree,Generic,f08fff,Rosaceae,NA,NA,NA
Tyson,Rosaceae,Prunus serotina,pruser,Tree,Expert,8aecca,Prunus serotina,NA,NA,NA
Tyson,Rosaceae,Prunus sp.,prusp,Tree,Expert,8aecca,Prunus serotina,NA,NA,NA
Tyson,Fagaceae,Quercus alba,quealb,Tree,Expert,524aca,Quercus alba,NA,NA,NA
Tyson,Fagaceae,Quercus marilandica,quemar,Tree,Expert,1d7c4c,Quercus rubra,NA,NA,NA
Tyson,Fagaceae,Quercus muehlenbergii,quemue,Tree,Expert,07dba7,Quercus alba,NA,NA,NA
Tyson,Fagaceae,Quercus rubra,querub,Tree,Expert,1d7c4c,Quercus rubra,NA,NA,NA
Tyson,Fagaceae,Quercus sp.,quesp,Tree,Expert,07dba7,Quercus alba,NA,NA,NA
Tyson,Fagaceae,Quercus stellata,queste,Tree,Expert,07dba7,Quercus stellata,NA,NA,NA
Tyson,Fagaceae,Quercus velutina,quevel,Tree,Expert,23ec05,Quercus velutina,NA,NA,NA
Tyson,Fagaceae,Quercus velutina,quevel,Tree,Expert,4b8afb,Quercus velutina,NA,NA,NA
Tyson,Fagaceae,Quercus velutina,quevel,Tree,Expert,c70dea,Quercus velutina,NA,NA,NA
Tyson,Lauraceae,Sassafras albidum,sasalb,Tree,Expert,2c092b,Sassafras albidum,NA,NA,NA
Tyson,Sapotaceae,Sideroxylon lanuginosum,sidlan,Shrub,Generic,ae65ed,Mixed hardwood,NA,NA,NA
Tyson,Malvaceae,Tilia americana,tilame,Tree,Expert,3e6f4d,Tilia americana,NA,NA,NA
Tyson,Malvaceae,Tilia americana,tilame,Tree,Expert,3f99ba,Tilia americana,NA,NA,NA
Tyson,Malvaceae,Tilia americana,tilame,Tree,Expert,bebe2e,Tilia americana,NA,NA,NA
Tyson,Malvaceae,Tilia americana,tilame,Tree,Expert,76d19b,Tilia americana,NA,NA,NA
Tyson,Ulmaceae,Ulmus rubra,ulmrub,Tree,Expert,2473f9,Ulmus americana,NA,NA,NA
UCSC,Sapindaceae,Acer macrophyllum,ACERMA,Tree,Generic,d6be5c,Sapindaceae,NA,NA,NA
UCSC,Ericaceae,Arbutus menziesii,ARBUME,Tree,Expert,b45a32,Arbutus menziesii,NA,NA,NA
UCSC,Ericaceae,Arbutus menziesii,ARBUME,Tree,Expert,c8c6f1,Arbutus menziesii,NA,NA,NA
UCSC,Ericaceae,Arbutus menziesii,ARBUME,Tree,Expert,785080,Arbutus menziesii,"Wood density=645.704, bark density=1.05",NA,NA
UCSC,Ericaceae,Arctostaphylos andersonii,ARCTAN,Shrub,Expert,3cb95a,Arctostaphylos columbiana,NA,NA,NA
UCSC,Ericaceae,Arctostaphylos tomentosa,ARCTCR,Shrub,Expert,3cb95a,Arctostaphylos columbiana,NA,NA,NA
UCSC,Asteraceae,Baccharis pilularis,BACCPI,Shrub,Expert,c94845,Baccharis pilularis,NA,NA,NA
UCSC,Rhamnaceae,Ceanothus thyrsiflorus,CEANTH,Shrub,Expert,6b3b2a,Ceanothus velutinus,NA,NA,NA
UCSC,Betulaceae,Corylus cornuta,CORYCO,Shrub,Generic,ae65ed,Mixed hardwood,NA,NA,NA
UCSC,Rosaceae,Cotoneaster franchetii,COTOFR,Shrub,Generic,f08fff,Rosaceae,NA,NA,NA
UCSC,Rosaceae,Cotoneaster pannosus,COTOPA,Shrub,Generic,f08fff,Rosaceae,NA,NA,NA
UCSC,Rosaceae,Crataegus monogyna,CRATMO,Shrub,Generic,f08fff,Rosaceae,NA,NA,NA
UCSC,Myrtaceae,Eucalyptus globulus,EUCAGL,Tree,Expert,7da4c9,Eucalyptus globulus,NA,NA,NA
UCSC,Rosaceae,Heteromeles arbutifolia,HETEAR,Shrub,Generic,f08fff,Rosaceae,Biomass on Heteromeles arbutifolia usually measured using crown dimension,NA,NA
UCSC,Aquifoliaceae,Ilex aquifolium,ILEXAQ,Shrub,Generic,f08fff,Aquifoliaceae,NA,NA,NA
UCSC,Fagaceae,Lithocarpus densiflorus,LITHDE,Tree,Expert,870336,Lithocarpus densiflorus,NA,NA,NA
UCSC,Fagaceae,Lithocarpus densiflorus,LITHDE,Tree,Expert,748d94,Lithocarpus densiflorus,NA,NA,NA
UCSC,Fagaceae,Lithocarpus densiflorus,LITHDE,Tree,Expert,5a774d,Lithocarpus densiflorus,"Wood density=419.814, bark density=1.22",NA,NA
UCSC,Myricaceae,Morella californica,MORECA,Shrub,Generic,ae65ed,Mixed hardwood,Accepted name Myrica californica.,NA,NA
UCSC,Pinaceae,Pinus attenuata,PINUAT,Tree,Expert,5ea2c1,Pinus ponderosa,NA,NA,NA
UCSC,Pinaceae,Pinus ponderosa,PINUPO,Tree,Expert,5ea2c1,Pinus ponderosa,NA,NA,NA
UCSC,Pinaceae,Pinus ponderosa,PINUPO,Tree,Expert,0bdd5e,Pinus ponderosa,NA,NA,NA
UCSC,Pinaceae,Pinus ponderosa,PINUPO,Tree,Generic,15b165,Pinus,NA,NA,NA
UCSC,Pinaceae,Pseudotsuga menziesii,PSEUME,Tree,Expert,4d8e54,Pseudotsuga menziesii,NA,NA,NA
UCSC,Pinaceae,Pseudotsuga menziesii,PSEUME,Tree,Expert,f94e03,Pseudotsuga menziesii,NA,NA,NA
UCSC,Rosaceae,Pyracantha angustifolia,PYRAAN,Shrub,Generic,f08fff,Rosaceae,NA,NA,NA
UCSC,Fagaceae,Quercus agrifolia,QUERAG,Tree,Generic,5edb7f,Fagaceae,NA,NA,NA
UCSC,Fagaceae,Quercus parvula,QUERPA,Tree,Generic,5edb7f,Fagaceae,Accepted name Quercus wislizeni.,NA,NA
UCSC,Rhamnaceae,Rhamnus californica,RHAMCA,Shrub,Generic,ae65ed,Mixed hardwood,Accepted name Frangula californica.,NA,NA
UCSC,Grossulariaceae,Ribes divaricatum,RIBEDI,Shrub,Expert,b95baf,Ribes,NA,NA,NA
UCSC,Salicaceae,Salix lasiandra,SALILA,Shrub,Generic,829bad,Salicaceae,NA,NA,NA
UCSC,Adoxaceae,Sambucus nigra,SAMBNI,Shrub,Generic,ae65ed,Mixed hardwood,NA,NA,NA
UCSC,Cupressaceae,Sequoia sempervirens,SEQUSE,Tree,Generic,2ee3ae,Cupressaceae,NA,NA,NA
UCSC,Lauraceae,Umbellularia californica,UMBECA,Tree,Expert,8470d2,Umbellularia californica,NA,NA,NA
UCSC,Ericaceae,Vaccinium ovatum,VACCOV,Shrub,Expert,e8f868,Vaccinium alaskaense,NA,NA,NA
Wabikon,Pinaceae,Abies balsamea,ABIBAL,Tree,Generic,4872ed,Abies,NA,NA,NA
Wabikon,Pinaceae,Abies balsamea,ABIBAL,Tree,Expert,1badac,Abies balsamea,NA,NA,NA
Wabikon,Aceraceae,Acer rubrum,ACERUB,Tree,Expert,5084bd,Acer rubrum,NA,NA,NA
Wabikon,Aceraceae,Acer rubrum,ACERUB,Tree,Expert,138258,Acer rubrum,NA,NA,NA
Wabikon,Aceraceae,Acer saccharum,ACESUG,Tree,Expert,77e37e,Acer saccharum,NA,NA,NA
Wabikon,Aceraceae,Acer spicatum,ACESPI,Shrub,Expert,5084bd,Acer rubrum,NA,NA,NA
Wabikon,Betulaceae,Alnus incana,ALNINC,Shrub,Generic,5caff8,Betulaceae,NA,NA,NA
Wabikon,Rosaceae,Amelanchier laevis,AMELAE,Shrub,Generic,f08fff,Rosaceae,NA,NA,NA
Wabikon,Rosaceae,Amelanchier sanguinea,AMESAN,Shrub,Generic,f08fff,Rosaceae,NA,NA,NA
Wabikon,Betulaceae,Betula alleghaniensis,BETALL,Tree,Expert,382ee9,Betula alleghaniensis,NA,NA,NA
Wabikon,Betulaceae,Betula papyrifera,BETPAP,Tree,Expert,d3f7ed,Betula papyrifera,NA,NA,NA
Wabikon,Cornaceae,Cornus alternifolia,CORALT,Tree,Expert,cf733d,Cornus florida,NA,NA,NA
Wabikon,Betulaceae,Corylus cornuta,CORCOR,Shrub,Generic,ae65ed,Mixed hardwood,NA,NA,NA
Wabikon,Thymelaeaceae,Dirca palustris,DIRPAL,Shrub,Generic,ae65ed,Mixed hardwood,NA,NA,NA
Wabikon,Oleaceae,Fraxinus americana,FRAAME,Tree,Expert,122ba6,Fraxinus americana,NA,NA,NA
Wabikon,Oleaceae,Fraxinus americana,FRAAME,Tree,Expert,e3f3bf,Fraxinus americana,NA,NA,NA
Wabikon,Oleaceae,Fraxinus nigra,FRANIG,Tree,Expert,0edaff,Fraxinus nigra,NA,NA,NA
Wabikon,Aquifoliaceae,Ilex mucronata,ILEMUC,Shrub,Generic,f08fff,Aquifoliaceae,NA,NA,NA
Wabikon,Aquifoliaceae,Ilex verticillata,ILEVER,Shrub,Generic,f08fff,Aquifoliaceae,NA,NA,NA
Wabikon,Juglandaceae,Juglans cinerea,JUGCIN,Tree,Generic,1c1ac8,Juglandaceae,NA,NA,NA
Wabikon,Pinaceae,Larix laricina,LARLAR,Tree,Expert,01e863,Larix laricina,NA,NA,NA
Wabikon,Caprifoliaceae,Lonicera canadensis,LONCAN,Shrub,Expert,28dce6,Lonicera canadensis,NA,NA,NA
Wabikon,Rosaceae,Malus pumila,MALPUM,Tree,Generic,f08fff,Rosaceae,NA,NA,NA
Wabikon,Betulaceae,Ostrya virginiana,OSTVIR,Tree,Expert,289f7c,Ostrya virginiana,NA,NA,NA
Wabikon,Betulaceae,Ostrya virginiana,OSTVIR,Tree,Expert,b9d4fc,Ostrya virginiana,NA,NA,NA
Wabikon,Pinaceae,Picea glauca,PICGLA,Tree,Expert,bce95d,Picea glauca,NA,NA,NA
Wabikon,Pinaceae,Picea mariana,PICMAR,Tree,Expert,1d3182,Picea mariana,NA,NA,NA
Wabikon,Pinaceae,Pinus strobus,PINSTR,Tree,Expert,21800b,Pinus strobus,NA,NA,NA
Wabikon,Salicaceae,Populus balsamifera,POPBAL,Tree,Expert,ecd464,Populus,NA,NA,NA
Wabikon,Salicaceae,Populus grandidentata,POPGRA,Tree,Expert,3172f7,Populus grandidentata,NA,NA,NA
Wabikon,Salicaceae,Populus tremuloides,POPTRE,Tree,Expert,687843,Populus tremuloides,NA,NA,NA
Wabikon,Rosaceae,Prunus pensylvanica,PRUPEN,Tree,Generic,f08fff,Rosaceae,NA,NA,NA
Wabikon,Rosaceae,Prunus serotina,PRUSER,Tree,Generic,f08fff,Rosaceae,NA,NA,NA
Wabikon,Rosaceae,Prunus serotina,PRUSER,Tree,Expert,8aecca,Prunus serotina,NA,NA,NA
Wabikon,Rosaceae,Prunus virginiana,PRUVIR,Tree,Generic,f08fff,Rosaceae,NA,NA,NA
Wabikon,Fagaceae,Quercus rubra,QUERUB,Tree,Expert,82e78c,Quercus rubra,NA,NA,NA
Wabikon,Grossulariaceae,Ribes cynosbati,RIBCYN,Shrub,Generic,ae65ed,Mixed hardwood,NA,NA,NA
Wabikon,Adoxaceae,Sambucus racemosa,SAMRAC,Shrub,Generic,ae65ed,Mixed hardwood,NA,NA,NA
Wabikon,Rosaceae,Sorbus americana,SORAME,Tree,Generic,f08fff,Rosaceae,NA,NA,NA
Wabikon,Cupressaceae,Thuja occidentalis,THUOCC,Tree,Expert,c078ca,Thuja occidentalis,NA,NA,NA
Wabikon,Malvaceae,Tilia americana,TILAME,Tree,Expert,3e6f4d,Tilia americana,NA,NA,NA
Wabikon,Malvaceae,Tilia americana,TILAME,Tree,Expert,76d19b,Tilia americana,NA,NA,NA
Wabikon,Malvaceae,Tilia americana,TILAME,Tree,Expert,3f99ba,Tilia americana,NA,NA,NA
Wabikon,Malvaceae,Tilia americana,TILAME,Tree,Expert,bebe2e,Tilia americana,NA,NA,NA
Wabikon,Pinaceae,Tsuga canadensis,TSUCAN,Tree,Expert,1d44c6,Tsuga canadensis,NA,NA,NA
Wabikon,Ulmaceae,Ulmus americana,ULMAME,Tree,Expert,2473f9,Ulmus americana,NA,NA,NA
Wind River,Pinaceae,Abies amabilis,ABAM,Tree,Expert,b570d4,Abies amabilis,NA,NA,NA
Wind River,Pinaceae,Abies amabilis,ABAM,Tree,Generic,4872ed,Abies,NA,NA,NA
Wind River,Pinaceae,Abies grandis,ABGR,Tree,Expert,cab5a8,Abies grandis,NA,NA,NA
Wind River,Pinaceae,Abies grandis,ABGR,Tree,Expert,6b7404,Abies grandis,NA,NA,NA
Wind River,Pinaceae,Abies grandis,ABGR,Tree,Generic,74dd65,Abies,NA,NA,NA
Wind River,Pinaceae,Abies procera,ABPR,Tree,Expert,171b02,Abies procera,NA,NA,NA
Wind River,Pinaceae,Abies procera,ABPR,Tree,Expert,23a23d,Abies procera,NA,NA,NA
Wind River,Pinaceae,Abies procera,ABPR,Tree,Expert,677eda,Abies procera,NA,NA,NA
Wind River,Pinaceae,Abies procera,ABPR,Tree,Generic,74dd65,Abies,NA,NA,NA
Wind River,Pinaceae,Abies sp.,ABSP,Tree,Expert,51f4e4,Abies,NA,NA,NA
Wind River,Pinaceae,Abies sp.,ABSP,Tree,Expert,61f888,Abies,NA,NA,NA
Wind River,Pinaceae,Abies sp.,ABSP,Tree,Expert,2d2a14,Abies,NA,NA,NA
Wind River,Pinaceae,Abies sp.,ABSP,Tree,Expert,7afe68,Abies,NA,NA,NA
Wind River,Pinaceae,Abies sp.,ABSP,Tree,Generic,4872ed,Abies,NA,NA,NA
Wind River,Pinaceae,Abies sp.,ABSP,Tree,Generic,74dd65,Abies,NA,NA,NA
Wind River,Sapindaceae,Acer circinatum,ACCI,Shrub,Expert,678f25,Acer glabrum,NA,NA,NA
Wind River,Sapindaceae,Acer glabrum,ACGL,Tree,Expert,678f25,Acer glabrum,NA,NA,NA
Wind River,Betulaceae,Alnus rubra,ALRU,Tree,Expert,b9ebe4,Alnus rubra,NA,NA,NA
Wind River,Rosaceae,Amelanchier alnifolia,AMAL,Tree,Generic,f08fff,Rosaceae,NA,NA,NA
Wind River,Cornaceae,Cornus nuttallii,CONU,Tree,Generic,f08fff,Cornaceae,NA,NA,NA
Wind River,Betulaceae,Corylus cornuta,COCOC,Shrub,Generic,ae65ed,Mixed hardwood,NA,NA,NA
Wind River,Ericaceae,Gaultheria shallon,GASH,Shrub,Generic,f08fff,Ericaceae,NA,NA,NA
Wind River,Rosaceae,Holodiscus discolor,HODI,Shrub,Expert,b9b3b0,Holodiscus discolor,NA,NA,NA
Wind River,Caprifoliaceae,Lonicera ciliosa,LOCI,Shrub,Expert,28dce6,Lonicera canadensis,NA,NA,NA
Wind River,Ericaceae,Menziesia ferruginea,MEFE,Shrub,Generic,f08fff,Ericaceae,NA,NA,NA
Wind River,Rosaceae,Oemleria cerasiformis,OECE,Shrub,Generic,f08fff,Rosaceae,NA,NA,NA
Wind River,Pinaceae,Pinus monticola,PIMO,Tree,Generic,15b165,Pinus,NA,NA,NA
Wind River,Pinaceae,Pseudotsuga menziesii,PSME,Tree,Expert,f94e03,Pseudotsuga menziesii,NA,NA,NA
Wind River,Pinaceae,Pseudotsuga menziesii,PSME,Tree,Expert,4d8e54,Pseudotsuga menziesii,NA,NA,NA
Wind River,Rhamnaceae,Rhamnus purshiana,RHPU,Shrub,Generic,ae65ed,Mixed hardwood,NA,NA,NA
Wind River,Ericaceae,Rhododendron macrophyllum,RHMA,Shrub,Generic,f08fff,Ericaceae,NA,NA,NA
Wind River,Rosaceae,Rosa gymnocarpa,ROGY,Shrub,Expert,a1646f,Rosa,NA,NA,NA
Wind River,Rosaceae,Rubus leucodermis,RULE,Shrub,Expert,e7bf91,Rubus leucodermis,NA,NA,NA
Wind River,Rosaceae,Rubus spectabilis,RUSP,Shrub,Expert,e7bf91,Rubus leucodermis,NA,NA,NA
Wind River,Taxaceae,Taxus brevifolia,TABR,Tree,Generic,c8f882,Taxaceae,NA,NA,NA
Wind River,Cupressaceae,Thuja plicata,THPL,Tree,Expert,19bb04,Thuja plicata,NA,NA,NA
Wind River,Cupressaceae,Thuja plicata,THPL,Tree,Expert,dc04c7,Thuja plicata,NA,NA,NA
Wind River,Pinaceae,Tsuga heterophylla,TSHE,Tree,Expert,e3edf1,Tsuga heterophylla,NA,NA,NA
Wind River,Ericaceae,Vaccinium membranaceum,VAME,Shrub,Expert,12104c,Vaccinium parvifolium,NA,NA,NA
Wind River,Ericaceae,Vaccinium ovalifolium,VAOV,Shrub,Expert,12104c,Vaccinium parvifolium,NA,NA,NA
Wind River,Ericaceae,Vaccinium parvifolium,VAPA,Shrub,Expert,12104c,Vaccinium parvifolium,NA,NA,NA
Wytham Woods,Sapindaceae,Acer campestre,ACERCA,Tree,Expert,fc521f,Woody species,NA,NA,NA
Wytham Woods,Sapindaceae,Acer pseudoplatanus,ACERPS,Tree,Expert,f49bcb,Acer pseudoplatanus,NA,NA,NA
Wytham Woods,Betulaceae,Betula sp.,BETUSP,Tree,Expert,fc521f,Woody species,NA,NA,NA
Wytham Woods,Betulaceae,Carpinus betulus,CARPBE,Tree,Expert,fc521f,Woody species,NA,NA,NA
Wytham Woods,Fagaceae,Castanea sativa,CASTSA,Tree,Expert,fc521f,Woody species,NA,NA,NA
Wytham Woods,Cornaceae,Cornus sanguinea,CORNSA,Shrub,Expert,fc521f,Woody species,NA,NA,NA
Wytham Woods,Betulaceae,Corylus avellana,CORYAV,Shrub,Expert,fc521f,Woody species,NA,NA,NA
Wytham Woods,Rosaceae,Crataegus monogyna,CRATMO,Shrub,Expert,fc521f,Woody species,NA,NA,NA
Wytham Woods,Celastraceae,Euonymus europaeus,EUONEU,Shrub,Expert,fc521f,Woody species,NA,NA,NA
Wytham Woods,Fagaceae,Fagus sylvatica,FAGUSY,Tree,Expert,fc521f,Woody species,NA,NA,NA
Wytham Woods,Rhamnaceae,Frangula alnus,FRANAL,Shrub,Expert,fc521f,Woody species,NA,NA,NA
Wytham Woods,Oleaceae,Fraxinus excelsior,FRAXEX,Tree,Expert,7bb5bd,Fraxinus excelsior,NA,NA,NA
Wytham Woods,Aquifoliaceae,Ilex aquifolium,ILEXAQ,Shrub,Expert,fc521f,Woody species,NA,NA,NA
Wytham Woods,Pinaceae,Larix decidua,LARIDE,Tree,Expert,fc521f,Woody species,NA,NA,NA
Wytham Woods,Pinaceae,Picea abies,PICEAB,Tree,Expert,fc521f,Woody species,NA,NA,NA
Wytham Woods,Pinaceae,Pinus sylvatica,PINUSY,Tree,Expert,fc521f,Woody species,NA,NA,NA
Wytham Woods,Rosaceae,Prunus avium,PRUNAV,Tree,Expert,fc521f,Woody species,NA,NA,NA
Wytham Woods,Rosaceae,Prunus spinosa,PRUNSP,Tree,Expert,fc521f,Woody species,NA,NA,NA
Wytham Woods,Pinaceae,Pseudotsuga menziesii,PSEUME,Tree,Expert,fc521f,Woody species,NA,NA,NA
Wytham Woods,Fagaceae,Quercus robur,QUERRO,Tree,Expert,d635f1,Quercus robur,NA,NA,NA
Wytham Woods,Salicaceae,Salix sp.,SALISP,Tree,Expert,fc521f,Woody species,NA,NA,NA
Wytham Woods,Adoxaceae,Sambucus nigra,SAMBNI,Shrub,Expert,fc521f,Woody species,NA,NA,NA
Wytham Woods,Taxaceae,Taxus baccata,TAXUBA,Tree,Expert,fc521f,Woody species,NA,NA,NA
Wytham Woods,Malvaceae,Tilia x europaea,TILIEU,Tree,Expert,fc521f,Woody species,NA,NA,NA
Yosemite,Pinaceae,Abies concolor,ABCO,Tree,Expert,171b02,Abies procera,NA,NA,NA
Yosemite,Pinaceae,Abies concolor,ABCO,Tree,Expert,23a23d,Abies procera,NA,NA,NA
Yosemite,Pinaceae,Abies concolor,ABCO,Tree,Expert,677eda,Abies procera,NA,NA,NA
Yosemite,Pinaceae,Abies concolor,ABCO,Tree,Expert,7aaa22,Abies concolor,NA,NA,NA
Yosemite,Pinaceae,Abies concolor,ABCO,Tree,Expert,1b9161,Abies concolor,NA,NA,NA
Yosemite,Pinaceae,Abies concolor,ABCO,Tree,Generic,74dd65,Abies,NA,NA,NA
Yosemite,Pinaceae,Abies magnifica,ABMA,Tree,Expert,171b02,Abies procera,NA,NA,NA
Yosemite,Pinaceae,Abies magnifica,ABMA,Tree,Expert,23a23d,Abies procera,NA,NA,NA
Yosemite,Pinaceae,Abies magnifica,ABMA,Tree,Expert,677eda,Abies procera,NA,NA,NA
Yosemite,Pinaceae,Abies magnifica,ABMA,Tree,Expert,f2943e,Abies magnifica,NA,NA,NA
Yosemite,Pinaceae,Abies magnifica,ABMA,Tree,Generic,74dd65,Abies,NA,NA,NA
Yosemite,Pinaceae,Abies sp.,ABSP,Tree,Expert,51f4e4,Abies,NA,NA,NA
Yosemite,Pinaceae,Abies sp.,ABSP,Tree,Expert,61f888,Abies,NA,NA,NA
Yosemite,Pinaceae,Abies sp.,ABSP,Tree,Expert,2d2a14,Abies,NA,NA,NA
Yosemite,Pinaceae,Abies sp.,ABSP,Tree,Expert,7afe68,Abies,NA,NA,NA
Yosemite,Pinaceae,Abies sp.,ABSP,Tree,Generic,4872ed,Abies,NA,NA,NA
Yosemite,Pinaceae,Abies sp.,ABSP,Tree,Generic,74dd65,Abies,NA,NA,NA
Yosemite,Ericaceae,Arctostaphylos patula,ARPA,Shrub,Expert,014bb7,Arctostaphylos patula,NA,NA,NA
Yosemite,Cupressaceae,Calocedrus decurrens,CADE,Tree,Expert,7992d5,Calocedrus decurrens,NA,NA,NA
Yosemite,Rhamnaceae,Ceanothus cordulatus,CECO,Shrub,Expert,604854,Ceanothus velutinus,NA,NA,NA
Yosemite,Rhamnaceae,Ceanothus integerrimus,CEIN,Shrub,Expert,a1cfac,Ceanothus integerrimus,NA,NA,NA
Yosemite,Rhamnaceae,Ceanothus parvifolius,CEPA,Shrub,Expert,a1cfac,Ceanothus integerrimus,NA,NA,NA
Yosemite,Fagaceae,Chrysolepis sempervirens,CHSE,Shrub,Expert,398df4,Chrysolepis sempervirens,NA,NA,NA
Yosemite,Cornaceae,Cornus nuttallii,CONU,Tree,Generic,f08fff,Cornaceae,NA,NA,NA
Yosemite,Cornaceae,Cornus sericea,COSE,Shrub,Expert,3b860c,Cornus sericea,NA,NA,NA
Yosemite,Betulaceae,Corylus cornuta subsp. californica,COCOC,Shrub,Generic,ae65ed,Mixed hardwood,NA,NA,NA
Yosemite,Rosaceae,Holodiscus discolor,HODI,Shrub,Expert,b9b3b0,Holodiscus discolor,NA,NA,NA
Yosemite,Ericaceae,Leucothoe davisiae,LEDA,Shrub,Expert,969226,Leucothoe davisiae,NA,NA,NA
Yosemite,Pinaceae,Pinus lambertiana,PILA,Tree,Expert,f94e03,Pseudotsuga menziesii,NA,NA,NA
Yosemite,Pinaceae,Pinus lambertiana,PILA,Tree,Expert,4d8e54,Pseudotsuga menziesii,NA,NA,NA
Yosemite,Pinaceae,Pinus ponderosa,PIPO,Tree,Expert,5ea2c1,Pinus ponderosa,NA,NA,NA
Yosemite,Pinaceae,Pinus ponderosa,PIPO,Tree,Expert,0bdd5e,Pinus ponderosa,NA,NA,NA
Yosemite,Pinaceae,Pinus ponderosa,PIPO,Tree,Generic,15b165,Pinus,NA,NA,NA
Yosemite,Rosaceae,Prunus emarginata,PREM,Tree,Expert,b9ebe4,Prunus emarginata,Use Alnus allomery for small stems of Prunus emarginata @ Yosemite,NA,NA
Yosemite,Rosaceae,Prunus emarginata,PREM,Tree,Generic,f08fff,Rosaceae,NA,NA,NA
Yosemite,Rosaceae,Prunus virginiana,PRVI,Tree,Generic,f08fff,Rosaceae,NA,NA,NA
Yosemite,Pinaceae,Pseudotsuga menziesii,PSME,Tree,Expert,f94e03,Pseudotsuga menziesii,NA,NA,NA
Yosemite,Pinaceae,Pseudotsuga menziesii,PSME,Tree,Expert,4d8e54,Pseudotsuga menziesii,NA,NA,NA
Yosemite,Rhamnaceae,Rhamnus californica,RHCA,Shrub,Generic,ae65ed,Mixed hardwood,NA,NA,NA
Yosemite,Ericaceae,Rhododendron occidentale,RHOC,Shrub,Generic,f08fff,Ericaceae,NA,NA,NA
Yosemite,Grossulariaceae,Ribes nevadaense,RINE,Shrub,Expert,b95baf,Ribes,NA,NA,NA
Yosemite,Grossulariaceae,Ribes roezlii,RIRO,Shrub,Expert,b95baf,Ribes,NA,NA,NA
Yosemite,Salicaceae,Salix scouleriana,SASC,Tree,Generic,829bad,Salicaceae,NA,NA,NA
Yosemite,Salicaceae,Salix sp.,SALIX,Tree,Generic,829bad,Salicaceae,NA,NA,NA
Yosemite,Adoxaceae,Sambucus racemosa,SARA,Shrub,Generic,ae65ed,Mixed hardwood,NA,NA,NA
Yosemite,Ericaceae,Vaccinium uliginosum,VAUL,Shrub,Expert,969226,Leucothoe davisiae,NA,NA,NA
Zofin,Pinaceae,Abies alba,JD,Tree,Expert,e44bb9,Picea abies,NA,NA,NA
Zofin,Aceraceae,Acer platanoides,JV,Tree,Expert,7b7468,Fagus,NA,NA,NA
Zofin,Aceraceae,Acer pseudoplatanus,KL,Tree,Expert,7b7468,Fagus,NA,NA,NA
Zofin,Betulaceae,Betula pendula,BR,Tree,Expert,7b7468,Fagus,NA,NA,NA
Zofin,Fagaceae,Fagus sylvatica,BK,Tree,Expert,7b7468,Fagus,NA,NA,NA
Zofin,Pinaceae,Picea abies,SM,Tree,Expert,e44bb9,Picea abies,NA,NA,NA
Zofin,Salicaceae,Populus tremula,TP,Tree,Expert,7b7468,Fagus,NA,NA,NA
Zofin,Salicaceae,Salix caprea,VR,Tree,Expert,7b7468,Fagus,NA,NA,NA
Zofin,Sambucaceae,Sambucus racemosa,BEZ,Shrub,Expert,7b7468,Fagus,NA,NA,NA
Zofin,Rosaceae,Sorbus aucuparia,JR,Tree,Expert,7b7468,Fagus,NA,NA,NA
Zofin,Ulmaceae,Ulmus glabra,JL,Tree,Expert,7b7468,Fagus,NA,NA,NA
Utah,Pinaceae,Abies bifolia,NA,Tree,Generic,4872ed,Abies,NA,NA,NA
Utah,Pinaceae,Abies bifolia,NA,Tree,Expert,b30744,Abies lasiocarpa,NA,NA,NA
Utah,Pinaceae,Abies concolor,NA,Tree,Expert,7aaa22,Abies concolor,NA,NA,NA
Utah,Pinaceae,Abies concolor,NA,Tree,Generic,74dd65,Abies,NA,NA,NA
Utah,Rosaceae,Amelanchier alnifolia,NA,Tree,Generic,f08fff,Rosaceae,NA,NA,NA
Utah,Rosaceae,Cercocarpus ledifolius,NA,"Shrub, small tree",Expert,998abf,Cercocarpus ledifolius,NA,NA,NA
Utah,Cupressaceae,Juniperus communis,NA,Shrub,Expert,c36a5b,Juniperus virginiana,NA,NA,NA
Utah,Cupressaceae,Juniperus communis,NA,Shrub,Generic,c8f882,Cupressaceae,NA,NA,NA
Utah,Cupressaceae,Juniperus scopulorum,NA,Tree,Expert,c36a5b,Juniperus virginiana,NA,NA,NA
Utah,Cupressaceae,Juniperus scopulorum,NA,Tree,Generic,c8f882,Cupressaceae,NA,NA,NA
Utah,Pinaceae,Picea engelmannii,NA,Tree,Expert,9f4b7d,Picea engelmannii,NA,NA,NA
Utah,Pinaceae,Picea engelmannii,NA,Tree,Generic,57488c,Picea,NA,NA,NA
Utah,Pinaceae,Picea pungens,NA,Tree,Expert,4b4063,Picea mariana,NA,NA,NA
Utah,Pinaceae,Picea pungens,NA,Tree,Generic,8.91E+12,Picea,NA,NA,NA
Utah,Pinaceae,Pinus edulis,NA,Tree,Expert,da0e89,Pinus edulis,NA,NA,NA
Utah,Pinaceae,Pinus flexilis,NA,Tree,Expert,48557b,Pseudotsuga menziesii,using allometries for Pseudotsuga menziesii as generic small conifer proxy,NA,NA
Utah,Pinaceae,Pinus flexilis,NA,Tree,Expert,697035,Pseudotsuga menziesii,using allometries for Pseudotsuga menziesii as generic small conifer proxy,NA,NA
Utah,Pinaceae,Pinus flexilis,NA,Tree,Expert,9a977b,Pseudotsuga menziesii,using allometries for Pseudotsuga menziesii as generic small conifer proxy,NA,NA
Utah,Pinaceae,Pinus flexilis,NA,Tree,Expert,a59bd5,Pseudotsuga menziesii,using allometries for Pseudotsuga menziesii as generic small conifer proxy,NA,NA
Utah,Pinaceae,Pinus flexilis,NA,Tree,Expert,ecef00,Juniperus osteosperma,using allometries for Juniperus osteosperma as proxy for big trees,NA,NA
Utah,Pinaceae,Pinus longaeva,NA,Tree,Expert,48557b,Pseudotsuga menziesii,using allometries for Pseudotsuga menziesii as generic small conifer proxy,NA,NA
Utah,Pinaceae,Pinus longaeva,NA,Tree,Expert,697035,Pseudotsuga menziesii,using allometries for Pseudotsuga menziesii as generic small conifer proxy,NA,NA
Utah,Pinaceae,Pinus longaeva,NA,Tree,Expert,9a977b,Pseudotsuga menziesii,using allometries for Pseudotsuga menziesii as generic small conifer proxy,NA,NA
Utah,Pinaceae,Pinus longaeva,NA,Tree,Expert,a59bd5,Pseudotsuga menziesii,using allometries for Pseudotsuga menziesii as generic small conifer proxy,NA,NA
Utah,Pinaceae,Pinus longaeva,NA,Tree,Expert,ecef00,Juniperus osteosperma,using allometries for Juniperus osteosperma as proxy for big trees,NA,NA
Utah,Pinaceae,Pinus ponderosa,NA,Tree,Expert,5ea2c1,Pinus ponderosa,NA,NA,NA
Utah,Pinaceae,Pinus ponderosa,NA,Tree,Expert,0bdd5e,Pinus ponderosa,NA,NA,NA
Utah,Pinaceae,Pinus ponderosa,NA,Tree,Generic,15b165,Pinus,NA,NA,NA
Utah,Salicaceae,Populus tremuloides,NA,Tree,Expert,aeebe9,Populus tremuloides,NA,NA,NA
Utah,Pinaceae,Pseudotsuga menziesii,NA,Tree,Expert,f94e03,Pseudotsuga menziesii,NA,NA,NA
Utah,Grossulariaceae,Ribes cereum,NA,Shrub,Expert,b95baf,Ribes,NA,NA,NA
Utah,Grossulariaceae,Ribes montigenum,NA,Shrub,Expert,b95baf,Ribes,NA,NA,NA
Utah,Adoxaceae,Sambucus racemosa,NA,Shrub,Generic,ae65ed,Mixed hardwood,NA,NA,NA
Utah,Pinaceae,Pseudotsuga menziesii,NA,Tree,Expert,4d8e54,Pseudotsuga menziesii,NA,NA,NA
UMBC,Adoxaceae,Viburnum prunifolium,NA,Shrub,Expert,5e2dea,Virburnum lantanoides,NA,NA,NA
UMBC,Adoxaceae,Viburnum acerifolium,NA,Shrub,Expert,5e2dea,Virburnum lantanoides,NA,NA,NA
UMBC,Adoxaceae,Viburnum rhytidophyllum,NA,Shrub,Expert,5e2dea,Virburnum lantanoides,NA,NA,NA
UMBC,Aquifoliaceae,Ilex opaca,NA,Shrub,Generic,f08fff,Aquifoliaceae,NA,NA,NA
UMBC,Betulaceae,Betula nigra,NA,Tree,Expert,382ee9,Betula alleghaniensis,NA,NA,NA
UMBC,Betulaceae,Ostrya virginiana,NA,Tree,Expert,289f7c,Ostrya virginiana,NA,NA,NA
UMBC,Betulaceae,Ostrya virginiana,NA,Tree,Expert,b9d4fc,Ostrya virginiana,NA,NA,NA
UMBC,Betulaceae,Carpinus caroliniana,NA,Tree,Generic,ae65ed,Mixed hardwood,NA,NA,NA
UMBC,Cannabaceae,Celtis occidentalis,NA,Tree,Generic,ae65ed,Mixed hardwood,NA,NA,NA
UMBC,Celastraceae,Euonymus atropurpureus,NA,Shrub,Generic,ae65ed,Mixed hardwood,NA,NA,NA
UMBC,Cornaceae,Cornus florida,NA,Tree,Expert,f3e023,Cornus florida,NA,NA,NA
UMBC,Cornaceae,Cornus kousa,NA,Tree,Expert,f3e023,Cornus florida,NA,NA,NA
UMBC,Cupressaceae,Juniperus virginiana,NA,Tree,Generic,c8f882,Cupressaceae,NA,NA,NA
UMBC,Cupressaceae,Cupressus x leylandii,NA,Tree,Generic,c8f882,Cupressaceae,NA,NA,NA
UMBC,Ebenaceae,Diospyros virginiana,NA,Tree,Generic,ae65ed,Mixed hardwood,NA,NA,NA
UMBC,Elaeagnaceae,Elaeagnus pungens,NA,"Shrub, small tree",Generic,ae65ed,Mixed hardwood,NA,NA,NA
UMBC,Elaeagnaceae,Elaeagnus angustifolia,NA,"Shrub, small tree",Generic,ae65ed,Mixed hardwood,NA,NA,NA
UMBC,Fabaceae,Gleditsia triacanthos,NA,Tree,Generic,7f7777,Fabaceae,NA,NA,NA
UMBC,Fabaceae,Gleditsia triacanthos,NA,Tree,Expert,333c34,Robinia pseudoacacia,NA,NA,NA
UMBC,Fabaceae,Gleditsia triacanthos,NA,Tree,Expert,e9d686,Robinia pseudoacacia,NA,NA,NA
UMBC,Fabaceae,Robinia pseudoacacia,NA,Tree,Expert,333c34,Robinia pseudoacacia,NA,NA,NA
UMBC,Fabaceae,Robinia pseudoacacia,NA,Tree,Generic,7f7777,Fabaceae,NA,NA,NA
UMBC,Fabaceae,Robinia pseudoacacia,NA,Tree,Expert,e9d686,Robinia pseudoacacia,NA,NA,NA
UMBC,Fabaceae,Cercis canadensis,NA,Tree,Generic,7f7777,Fabaceae,NA,NA,NA
UMBC,Fagaceae,Quercus sp.,NA,Tree,Expert,1d7c4c,Quercus rubra,NA,NA,NA
UMBC,Fagaceae,Fagus grandifolia,NA,Tree,Expert,281635,Fagus grandifolia,NA,NA,NA
UMBC,Fagaceae,Quercus coccinea,NA,Tree,Expert,162ce7,Quercus coccinea,NA,NA,NA
UMBC,Fagaceae,Quercus falcata,NA,Tree,Expert,81397c,Quercus falcata,NA,NA,NA
UMBC,Fagaceae,Quercus falcata,NA,Tree,Expert,6943b4,Quercus falcata,NA,NA,NA
UMBC,Fagaceae,Quercus macrocarpa,NA,Tree,Expert,524aca,Quercus alba,NA,NA,NA
UMBC,Fagaceae,Quercus palustris,NA,Tree,Expert,1d7c4c,Quercus rubra,NA,NA,NA
UMBC,Fagaceae,Quercus phellos,NA,Tree,Expert,524aca,Quercus alba,NA,NA,NA
UMBC,Fagaceae,Quercus prinus,NA,Tree,Expert,76df22,Quercus prinus,NA,NA,NA
UMBC,Fagaceae,Quercus prinus,NA,Tree,Expert,e94dab,Quercus prinus,NA,NA,NA
UMBC,Fagaceae,Quercus rubra,NA,Tree,Expert,1d7c4c,Quercus rubra,NA,NA,NA
UMBC,Hamamelidaceae,Hamamelis virginiana,NA,Shrub,Expert,76aa3c,Hamamelis virginiana,NA,NA,NA
UMBC,Juglandaceae,Juglans nigra,NA,Tree,Generic,1c1ac8,Juglandaceae,NA,NA,NA
UMBC,Juglandaceae,Carya cordiformis,NA,Tree,Expert,9c4cc9,Carya,NA,NA,NA
UMBC,Juglandaceae,Carya glabra,NA,Tree,Expert,9c4cc9,Carya,NA,NA,NA
UMBC,Juglandaceae,Carya sp.,NA,Tree,Expert,9c4cc9,Carya,NA,NA,NA
UMBC,Juglandaceae,Carya sp.,NA,Tree,Generic,1c1ac8,Juglandaceae,NA,NA,NA
UMBC,Juglandaceae,Carya tomentosa,NA,Tree,Expert,9c4cc9,Carya,NA,NA,NA
UMBC,Lauraceae,Sassafras albidum,NA,Tree,Expert,2c092b,Sassafras albidum,NA,NA,NA
UMBC,Lauraceae,Lindera benzoin,NA,Shrub,Generic,f08fff,Lauraceae,NA,NA,NA
UMBC,Lythraceae,Lagerstroemia indica,NA,Shrub,Generic,ae65ed,Mixed hardwood,NA,NA,NA
UMBC,Magnoliaceae,Liriodendron tulipifera,NA,Tree,Expert,94f593,Liriodendron tulipifera,NA,NA,NA
UMBC,Magnoliaceae,Liriodendron tulipifera,NA,Tree,Expert,c48e81,Liriodendron tulipifera,NA,NA,NA
UMBC,Malvaceae,Tilia americana,NA,Tree,Expert,3e6f4d,Tilia americana,NA,NA,NA
UMBC,Malvaceae,Tilia americana,NA,Tree,Expert,3f99ba,Tilia americana,NA,NA,NA
UMBC,Malvaceae,Tilia americana,NA,Tree,Expert,bebe2e,Tilia americana,NA,NA,NA
UMBC,Malvaceae,Tilia americana,NA,Tree,Expert,76d19b,Tilia americana,NA,NA,NA
UMBC,Moraceae,Maclura pomifera,NA,Tree,Generic,ae65ed,Mixed hardwood,NA,NA,NA
UMBC,Moraceae,Morus rubra,NA,Tree,Generic,ae65ed,Mixed hardwood,NA,NA,NA
UMBC,Moraceae,Morus alba,NA,Tree,Generic,ae65ed,Mixed hardwood,NA,NA,NA
UMBC,Nyssaceae,Nyssa sylvatica,NA,Tree,Expert,e8ebc2,Nyssa sylvatica,NA,NA,NA
UMBC,Nyssaceae,Nyssa sylvatica,NA,Tree,Expert,380d95,Nyssa sylvatica,NA,NA,NA
UMBC,Nyssaceae,Nyssa sylvatica,NA,Tree,Expert,23ab74,Nyssa sylvatica,NA,NA,NA
UMBC,Oleaceae,Fraxinus sp.,NA,Tree,Expert,122ba6,Fraxinus americana,NA,NA,NA
UMBC,Oleaceae,Fraxinus americana,NA,Tree,Expert,122ba6,Fraxinus americana,NA,NA,NA
UMBC,Oleaceae,Fraxinus pennsylvanica,NA,Tree,Expert,b521bd,Fraxinus pennsylvanica,NA,NA,NA
UMBC,Oleaceae,Ligustrum amurense,NA,Tree,Generic,ae65ed,Mixed hardwood,NA,NA,NA
UMBC,Paulowniaceae,Paulownia tomentosa,NA,Tree,Generic,ae65ed,Mixed hardwood,NA,NA,NA
UMBC,Pinaceae,Pinus thunbergii,NA,Tree,Expert,21800b,Pinus strobus,NA,NA,NA
UMBC,Pinaceae,Picea abies,NA,Tree,Expert,e2c7c7,Picea glauca,NA,NA,NA
UMBC,Platanaceae,Platanus occidentalis,NA,Tree,Expert,73325b,Platanus occidentalis,NA,NA,NA
UMBC,Platanaceae,Platanus occidentalis,NA,Tree,Expert,0a1212,Platanus occidentalis,NA,NA,NA
UMBC,Rosaceae,Malus coronaria,NA,Shrub,Generic,f08fff,Rosaceae,NA,NA,NA
UMBC,Rosaceae,Malus sylvestris,NA,Shrub,Generic,f08fff,Rosaceae,NA,NA,NA
UMBC,Rosaceae,Crataegus sp.,NA,Shrub,Generic,f08fff,Rosaceae,NA,NA,NA
UMBC,Rosaceae,Amelanchier arborea,NA,Tree,Expert,c59e03,Amelanchier,NA,NA,NA
UMBC,Rosaceae,Amelanchier arborea,NA,Tree,Expert,96c0af,Amelanchier,NA,NA,NA
UMBC,Rosaceae,Amelanchier arborea,NA,Tree,Expert,529234,Amelanchier,NA,NA,NA
UMBC,Rosaceae,Prunus serotina,NA,Tree,Generic,f08fff,Rosaceae,NA,NA,NA
UMBC,Rosaceae,Prunus serotina,NA,Tree,Expert,8aecca,Prunus serotina,NA,NA,NA
UMBC,Rosaceae,Prunus avium,NA,Tree,Generic,f08fff,Rosaceae,NA,NA,NA
UMBC,Rosaceae,Prunus avium,NA,Tree,Expert,8aecca,Prunus serotina,NA,NA,NA
UMBC,Rosaceae,Pyrus calleryana,NA,Tree,Generic,f08fff,Rosaceae,NA,NA,NA
UMBC,Rosaceae,Pyrus communis,NA,Tree,Generic,f08fff,Rosaceae,NA,NA,NA
UMBC,Salicaceae,Salix nigra,NA,Tree,Generic,829bad,Salicaceae,NA,NA,NA
UMBC,Salicaceae,Populus deltoides,NA,Tree,Expert,ecd464,Populus,NA,NA,NA
UMBC,Sapindaceae,Acer negundo,NA,Tree,Generic,d6be5c,Sapindaceae,NA,NA,NA
UMBC,Sapindaceae,Acer platanoides,NA,Tree,Generic,d6be5c,Sapindaceae,NA,NA,NA
UMBC,Sapindaceae,Acer rubrum,NA,Tree,Expert,7c72ed,Acer rubrum,NA,NA,NA
UMBC,Sapindaceae,Acer saccharinum,NA,Tree,Expert,77e37e,Acer saccharum,NA,NA,NA
UMBC,Sapindaceae,Acer saccharum,NA,Tree,Expert,77e37e,Acer saccharum,NA,NA,NA
UMBC,Simaroubaceae,Ailanthus altissima,NA,Tree,Generic,ae65ed,Mixed hardwood,NA,NA,NA
UMBC,Ulmaceae,Ulmus americana,NA,Tree,Expert,2473f9,Ulmus americana,NA,NA,NA
UMBC,Ulmaceae,Ulmus parvifolia x carpinifolia,NA,Tree,Expert,2473f9,Ulmus americana,NA,NA,NA
Harvard Forest,Adoxaceae,Sambucus racemosa,NA,Shrub,Generic,ae65ed,Mixed hardwood,NA,NA,NA
Harvard Forest,Adoxaceae,Viburnum dentatum,NA,Shrub,Expert,5e2dea,Virburnum lantanoides,NA,NA,NA
Harvard Forest,Adoxaceae,Viburnum acerfolium,NA,Shrub,Expert,5e2dea,Virburnum lantanoides,NA,NA,NA
Harvard Forest,Anacardiaceae,Toxicodendron vernix,NA,Shrub,Generic,ae65ed,Mixed hardwood,NA,NA,NA
Harvard Forest,Aquifoliaceae,Ilex laevigata,NA,Shrub,Generic,f08fff,Aquifoliaceae,NA,NA,NA
Harvard Forest,Aquifoliaceae,Ilex verticillata,NA,Shrub,Generic,f08fff,Aquifoliaceae,NA,NA,NA
Harvard Forest,Betulaceae,Alnus incana,NA,Tree,Generic,5caff8,Betulaceae,NA,NA,NA
Harvard Forest,Betulaceae,Betula alleghaniensis,NA,Tree,Expert,382ee9,Betula alleghaniensis,NA,NA,NA
Harvard Forest,Betulaceae,Betula lenta,NA,Tree,Expert,382ee9,Betula alleghaniensis,NA,NA,NA
Harvard Forest,Betulaceae,Betula papyrifera,NA,Tree,Expert,d3f7ed,Betula papyrifera,NA,NA,NA
Harvard Forest,Betulaceae,Betula populifolia,NA,Tree,Expert,d3f7ed,Betula papyrifera,NA,NA,NA
Harvard Forest,Betulaceae,Betula unknown,NA,Tree,Expert,382ee9,Betula alleghaniensis,NA,NA,NA
Harvard Forest,Betulaceae,Ostrya virginiana,NA,Tree,Expert,289f7c,Ostrya virginiana,NA,NA,NA
Harvard Forest,Betulaceae,Ostrya virginiana,NA,Tree,Expert,b9d4fc,Ostrya virginiana,NA,NA,NA
Harvard Forest,Cupressaceae,Juniperus communis,NA,Shrub,Generic,c8f882,Cupressaceae,NA,NA,NA
Harvard Forest,Ericaceae,Kalmia latifolia,NA,Shrub,Generic,f08fff,Ericaceae,NA,NA,NA
Harvard Forest,Ericaceae,Lyonia ligustrina,NA,Shrub,Generic,f08fff,Ericaceae,NA,NA,NA
Harvard Forest,Ericaceae,Rhododendron prinophyllum,NA,Shrub,Generic,f08fff,Ericaceae,NA,NA,NA
Harvard Forest,Ericaceae,Vaccinium corymbosum,NA,Shrub,Generic,f08fff,Ericaceae,NA,NA,NA
Harvard Forest,Fagaceae,Castanea dentata,NA,Tree,Generic,5edb7f,Fagaceae,NA,NA,NA
Harvard Forest,Fagaceae,Fagus grandifolia,NA,Tree,Expert,281635,Fagus grandifolia,NA,NA,NA
Harvard Forest,Fagaceae,Quercus rubra,NA,Tree,Expert,1d7c4c,Quercus rubra,NA,NA,NA
Harvard Forest,Fagaceae,Quercus unknown,NA,Tree,Expert,1d7c4c,Quercus rubra,NA,NA,NA
Harvard Forest,Fagaceae,Quercus velutina,NA,Tree,Expert,4b8afb,Quercus velutina,NA,NA,NA
Harvard Forest,Fagaceae,Quercus velutina,NA,Tree,Expert,23ec05,Quercus velutina,NA,NA,NA
Harvard Forest,Fagaceae,Quercus velutina,NA,Tree,Expert,c70dea,Quercus velutina,NA,NA,NA
Harvard Forest,Hamamelidaceae,Hamamelis virginiana,NA,Shrub,Expert,76aa3c,Hamamelis virginiana,NA,NA,NA
Harvard Forest,Lauraceae,Lindera benzoin,NA,Shrub,Generic,f08fff,Lauraceae,NA,NA,NA
Harvard Forest,Nyssaceae,Nyssa sylvatica,NA,Tree,Expert,8c94e8,Nyssa sylvatica,NA,NA,NA
Harvard Forest,Oleaceae,Fraxinus americana,NA,Tree,Expert,122ba6,Fraxinus americana,NA,NA,NA
Harvard Forest,Oleaceae,Fraxinus nigra,NA,Tree,Expert,0edaff,Fraxinus nigra,NA,NA,NA
Harvard Forest,Pinaceae,Picea abies,NA,Tree,Expert,e2c7c7,Picea glauca,NA,NA,NA
Harvard Forest,Pinaceae,Picea rubens,NA,Tree,Expert,e2c7c7,Picea glauca,NA,NA,NA
Harvard Forest,Pinaceae,Picea unknown,NA,Tree,Expert,e2c7c7,Picea glauca,NA,NA,NA
Harvard Forest,Pinaceae,Pinus resinosa,NA,Tree,Expert,21800b,Pinus strobus,NA,NA,NA
Harvard Forest,Pinaceae,Pinus strobus,NA,Tree,Expert,21800b,Pinus strobus,NA,NA,NA
Harvard Forest,Pinaceae,Pinus unknown,NA,Tree,Expert,21800b,Pinus strobus,NA,NA,NA
Harvard Forest,Pinaceae,Tsuga canadensis,NA,Tree,Expert,1d44c6,Tsuga canadensis,NA,NA,NA
Harvard Forest,Rhamnaceae,Frangula alnus,NA,Shrub,Generic,ae65ed,Mixed hardwood,NA,NA,NA
Harvard Forest,Rosaceae,Amelanchier laevis,NA,Shrub,Generic,f08fff,Rosaceae,NA,NA,NA
Harvard Forest,Rosaceae,Aronia melanocarpa,NA,Shrub,Generic,f08fff,Rosaceae,NA,NA,NA
Harvard Forest,Rosaceae,Crataegus sp.,NA,Shrub,Generic,f08fff,Rosaceae,NA,NA,NA
Harvard Forest,Rosaceae,Prunus serotina,NA,Tree,Generic,f08fff,Rosaceae,NA,NA,NA
Harvard Forest,Rosaceae,Prunus serotina,NA,Tree,Expert,8aecca,Prunus serotina,NA,NA,NA
Harvard Forest,Rosaceae,Sorbus americana,NA,Shrub,Generic,f08fff,Rosaceae,NA,NA,NA
Harvard Forest,Salicaceae,Populus grandidentata,NA,Tree,Expert,3172f7,Populus grandidentata,NA,NA,NA
Harvard Forest,Salicaceae,Populus tremuloides,NA,Tree,Expert,3172f7,Populus grandidentata,NA,NA,NA
Harvard Forest,Salicaceae,Salix species,NA,Tree,Generic,829bad,Salicaceae,NA,NA,NA
Harvard Forest,Sapindaceae,Acer rubrum,NA,Tree,Expert,7c72ed,Acer rubrum,NA,NA,NA
Harvard Forest,Sapindaceae,Acer saccharum,NA,Tree,Expert,77e37e,Acer saccharum,NA,NA,NA
Harvard Forest,Ulmaceae,Ulmus americana,NA,Tree,Expert,2473f9,Ulmus americana,NA,NA,NA
Scotty Creek,Betulaceae,Alnus viridis ssp. crispa,NA,Tree,Expert,1f17bb,Alnus,NA,NA,NA
Scotty Creek,Betulaceae,Betula glandulosa,NA,Shrub,Expert,a3a86f,Betula,NA,NA,NA
Scotty Creek,Betulaceae,Betula neoalaskana,NA,Tree,Expert,686376,Betula neoalaskana,NA,NA,NA
Scotty Creek,Betulaceae,Betula occidentalis,NA,Tree,Expert,382ee9,Betula alleghaniensis,NA,NA,NA
Scotty Creek,Betulaceae,Betula pubescens,NA,Tree,Expert,382ee9,Betula alleghaniensis,NA,NA,NA
Scotty Creek,Betulaceae,Betula spp.,NA,Shrub,Expert,a3a86f,Betula,NA,NA,NA
Scotty Creek,Pinaceae,Larix laricina,NA,Tree,Expert,726f1d,Larix laricina,NA,NA,NA
Scotty Creek,Pinaceae,Larix laricina,NA,Tree,Expert,a5d599,Larix laricina,NA,NA,NA
Scotty Creek,Pinaceae,Picea glauca,NA,Tree,Expert,ae60e9,Picea glauca,NA,NA,NA
Scotty Creek,Pinaceae,Picea mariana,NA,Tree,Expert,2a6b9b,Picea mariana,NA,NA,NA
Scotty Creek,Pinaceae,Picea mariana,NA,Tree,Expert,b47d78,Picea mariana,NA,NA,NA
Scotty Creek,Pinaceae,Pinus banksiana,NA,Tree,Expert,7901c0,Pinus banksiana,NA,NA,NA
Scotty Creek,Pinaceae,Pinus banksiana,NA,Tree,Expert,a5de78,Pinus banksiana,NA,NA,NA
Scotty Creek,Salicaceae,Salix sp.,NA,Tree,Expert,390a5a,Salix,NA,NA,NA
Michigan Big Woods,Adoxaceae,Sambucus canadensis,NA,Shrub,Generic,ae65ed,Mixed hardwood,NA,NA,NA
Michigan Big Woods,Aquifoliaceae,Ilex verticillata,NA,Shrub,Generic,f08fff,Aquifoliaceae,NA,NA,NA
Michigan Big Woods,Betulaceae,Betula alleghaniensis,NA,Tree,Expert,382ee9,Betula alleghaniensis,NA,NA,NA
Michigan Big Woods,Betulaceae,Carpinus caroliniana,NA,Tree,Generic,ae65ed,Mixed hardwood,NA,NA,NA
Michigan Big Woods,Betulaceae,Corylus americana,NA,"Shrub, small tree",Generic,ae65ed,Mixed hardwood,NA,NA,NA
Michigan Big Woods,Betulaceae,Ostrya virginiana,NA,Tree,Expert,289f7c,Ostrya virginiana,NA,NA,NA
Michigan Big Woods,Betulaceae,Ostrya virginiana,NA,Tree,Expert,b9d4fc,Ostrya virginiana,NA,NA,NA
Michigan Big Woods,Cornaceae,Cornus alternifolia,NA,Tree,Expert,cf733d,Cornus florida,NA,NA,NA
Michigan Big Woods,Cornaceae,Cornus amomum,NA,Shrub,Expert,cf733d,Cornus florida,NA,NA,NA
Michigan Big Woods,Cornaceae,Cornus florida,NA,Tree,Expert,cf733d,Cornus florida,NA,NA,NA
Michigan Big Woods,Cornaceae,Cornus racemosa,NA,Shrub,Expert,cf733d,Cornus florida,NA,NA,NA
Michigan Big Woods,Cupressaceae,Juniperus communis,NA,Shrub,Generic,c8f882,Cupressaceae,NA,NA,NA
Michigan Big Woods,Cupressaceae,Juniperus virginiana,NA,Tree,Generic,c8f882,Cupressaceae,NA,NA,NA
Michigan Big Woods,Cupressaceae,Thuja occidentalis,NA,Tree,Expert,c078ca,Thuja occidentalis,NA,NA,NA
Michigan Big Woods,Elaeagnaceae,Elaeagnus umbellata,NA,"Shrub, small tree",Generic,ae65ed,Mixed hardwood,NA,NA,NA
Michigan Big Woods,Ericaceae,Vaccinium corymbosum,NA,Shrub,Generic,f08fff,Ericaceae,NA,NA,NA
Michigan Big Woods,Fabaceae,Robinia pseudoacacia,NA,Tree,Expert,333c34,Robinia pseudoacacia,NA,NA,NA
Michigan Big Woods,Fabaceae,Robinia pseudoacacia,NA,Tree,Generic,7f7777,Fabaceae,NA,NA,NA
Michigan Big Woods,Fabaceae,Robinia pseudoacacia,NA,Tree,Expert,e9d686,Robinia pseudoacacia,NA,NA,NA
Michigan Big Woods,Fagaceae,Fagus grandifolia,NA,Tree,Expert,281635,Fagus grandifolia,NA,NA,NA
Michigan Big Woods,Fagaceae,Quercus alba,NA,Tree,Expert,524aca,Quercus alba,NA,NA,NA
Michigan Big Woods,Fagaceae,Quercus rubra,NA,Tree,Expert,82e78c,Quercus rubra,NA,NA,NA
Michigan Big Woods,Fagaceae,Quercus velutina,NA,Tree,Expert,4b8afb,Quercus velutina,NA,NA,NA
Michigan Big Woods,Fagaceae,Quercus velutina,NA,Tree,Expert,23ec05,Quercus velutina,NA,NA,NA
Michigan Big Woods,Fagaceae,Quercus velutina,NA,Tree,Expert,c70dea,Quercus velutina,NA,NA,NA
Michigan Big Woods,Fagaceae,Quercus x hawkinsiae,NA,Tree,Expert,1d7c4c,Quercus rubra,NA,NA,NA
Michigan Big Woods,Fagaceae,Quercus x palaeolithicola,NA,Tree,Expert,1d7c4c,Quercus rubra,NA,NA,NA
Michigan Big Woods,Grossulariaceae,Ribes cynosbati,NA,Shrub,Generic,ae65ed,Mixed hardwood,NA,NA,NA
Michigan Big Woods,Hamamelidaceae,Hamamelis virginiana,NA,Shrub,Expert,76aa3c,Hamamelis virginiana,NA,NA,NA
Michigan Big Woods,Juglandaceae,Carya cordiformis,NA,Tree,Expert,9c4cc9,Carya,NA,NA,NA
Michigan Big Woods,Juglandaceae,Carya glabra,NA,Tree,Expert,9c4cc9,Carya,NA,NA,NA
Michigan Big Woods,Juglandaceae,Carya ovata,NA,Tree,Expert,9c4cc9,Carya,NA,NA,NA
Michigan Big Woods,Juglandaceae,Caryasp.,NA,Tree,Generic,1c1ac8,Juglandaceae,NA,NA,NA
Michigan Big Woods,Juglandaceae,Juglans nigra,NA,Tree,Generic,1c1ac8,Juglandaceae,NA,NA,NA
Michigan Big Woods,Lauraceae,Lindera benzoin,NA,Shrub,Generic,f08fff,Lauraceae,NA,NA,NA
Michigan Big Woods,Lauraceae,Sassafras albidum,NA,Tree,Expert,2c092b,Sassafras albidum,NA,NA,NA
Michigan Big Woods,Oleaceae,Fraxinus americana,NA,Tree,Expert,122ba6,Fraxinus americana,NA,NA,NA
Michigan Big Woods,Rosaceae,Amelanchier arborea,NA,Tree,Expert,c59e03,Amelanchier,NA,NA,NA
Michigan Big Woods,Rosaceae,Amelanchier arborea,NA,Tree,Expert,96c0af,Amelanchier,NA,NA,NA
Michigan Big Woods,Rosaceae,Amelanchier arborea,NA,Tree,Expert,529234,Amelanchier,NA,NA,NA
Michigan Big Woods,Rosaceae,Malus sp,NA,Shrub,Generic,f08fff,Rosaceae,NA,NA,NA
Michigan Big Woods,Rosaceae,Prunus serotina,NA,Tree,Generic,f08fff,Rosaceae,NA,NA,NA
Michigan Big Woods,Rosaceae,Prunus serotina,NA,Tree,Expert,8aecca,Prunus serotina,NA,NA,NA
Michigan Big Woods,Rosaceae,Prunus virginiana,NA,Tree,Generic,f08fff,Rosaceae,NA,NA,NA
Michigan Big Woods,Rosaceae,Pyrus sp,NA,Tree,Generic,f08fff,Rosaceae,NA,NA,NA
Michigan Big Woods,Rutaceae,Zanthoxylum americanum,NA,"Shrub, small tree",Generic,ae65ed,Mixed hardwood,NA,NA,NA
Michigan Big Woods,Salicaceae,Populus grandidentata,NA,Tree,Expert,3172f7,Populus grandidentata,NA,NA,NA
Michigan Big Woods,Sapindaceae,Acer rubrum,NA,Tree,Expert,5084bd,Acer rubrum,NA,NA,NA
Michigan Big Woods,Sapindaceae,Acer rubrum,NA,Tree,Expert,138258,Acer rubrum,NA,NA,NA
Michigan Big Woods,Sapindaceae,Acer saccharum,NA,Tree,Expert,77e37e,Acer saccharum,NA,NA,NA
Michigan Big Woods,Simaroubaceae,Ailanthus altissima,NA,Tree,Generic,ae65ed,Mixed hardwood,NA,NA,NA
Michigan Big Woods,Tiliaceae,Tilia americana,NA,Tree,Expert,3e6f4d,Tilia americana,NA,NA,NA
Michigan Big Woods,Tiliaceae,Tilia americana,NA,Tree,Expert,3f99ba,Tilia americana,NA,NA,NA
Michigan Big Woods,Tiliaceae,Tilia americana,NA,Tree,Expert,bebe2e,Tilia americana,NA,NA,NA
Michigan Big Woods,Tiliaceae,Tilia americana,NA,Tree,Expert,76d19b,Tilia americana,NA,NA,NA
Michigan Big Woods,Ulmaceae,Ulmus americana,NA,Tree,Expert,2473f9,Ulmus americana,NA,NA,NA
Traunstein ,Pinaceae,Picea abies,10,Tree,Expert,e57b77,Picea,NA,NA,NA
Traunstein ,Pinaceae,Abies alba,20,Tree,Expert,307ec5,Pinus,NA,NA,NA
Traunstein ,Pinaceae,Pinus sylvestris,30,Tree,Expert,307ec5,Pinus,NA,NA,NA
Traunstein ,Pinaceae,Larix decidua,40,Tree,Expert,307ec5,Pinus,NA,NA,NA
Traunstein ,Fagaceae,Fagus sylvatica,50,Tree,Expert,9f138f,Fagus,NA,NA,NA
Traunstein ,Sapindaceae,Aesculus hippocastanum,59,Tree,Expert,9f138f,Fagus,NA,NA,NA
Traunstein ,Fagaceae,Quercus sp. ,60,Tree,Expert,6a7382,Quercus,NA,NA,NA
Traunstein ,Fagaceae,Quercus rubra,61,Tree,Expert,6a7382,Quercus,NA,NA,NA
Traunstein ,Pinaceae,Pseudotsuga menziesii,70,Tree,Expert,307ec5,Pinus,NA,NA,NA
Traunstein ,Cupressaceae,Thuja plicata,72,Tree,Expert,307ec5,Pinus,NA,NA,NA
Traunstein ,Oleaceae,Fraxinus excelsior,82,Tree,Expert,9e3b6a,Fraxinus,NA,NA,NA
Traunstein ,Betulaceae,Carpinus betulus,83,Tree,Expert,e42e41,Betula,NA,NA,NA
Traunstein ,Betulaceae,Betula sp. ,84,Tree,Expert,e42e41,Betula,NA,NA,NA
Traunstein ,Tiliaceae,Tilia sp. ,85,Tree,Expert,9f138f,Fagus,NA,NA,NA
Traunstein ,Ulmaceae,Ulmus glabra,86,Tree,Expert,9f138f,Fagus,NA,NA,NA
Traunstein ,Rosaceae,Sorbus torminalis,87,Tree,Expert,9f138f,Fagus,NA,NA,NA
Traunstein ,Rosaceae,Prunus avium,88,Tree,Expert,9f138f,Fagus,NA,NA,NA
Traunstein ,Rosaceae,Sorbus aucuparia,89,Tree,Expert,9f138f,Fagus,NA,NA,NA
Traunstein ,Betulaceae,Alnus glutinosa,91,Tree,Expert,e42e41,Betula,NA,NA,NA
Traunstein ,Salicaceae,Populus sp. ,92,Tree,Expert,786b7c,Populus,NA,NA,NA
Traunstein ,Salicaceae,Populus tremula,93,Tree,Expert,786b7c,Populus,NA,NA,NA
Traunstein ,Salicaceae,Salix sp. ,94,Tree,Expert,9f138f,Fagus,NA,NA,NA
Traunstein ,Rosaceae,Sorbus aria,99,Tree,Expert,9f138f,Fagus,NA,NA,NA
Traunstein ,conifer,Unk conifer ,100,Tree,Expert,307ec5,Pinus,NA,NA,NA
Traunstein ,broadleaf,Unk broadleaf ,500,Tree,Expert,9f138f,Fagus,NA,NA,NA
Traunstein ,Sapindaceae,Acer pseudoplatanus,811,Tree,Expert,9f138f,Fagus,NA,NA,NA
Traunstein ,Sapindaceae,Acer platanoides,812,Tree,Expert,9f138f,Fagus,NA,NA,NA
Traunstein ,Sapindaceae,Acer campestre,813,Tree,Expert,9f138f,Fagus,NA,NA,NA
Traunstein ,Juglandaceae,Juglans regia,971,Tree,Expert,9f138f,Fagus,NA,NA,NA
Speulderbos,Betulaceae,Betula pendula,NA,Tree,Expert,c2b3e3,Betula,NA,NA,NA
Speulderbos,Betulaceae,Betula pubescens,NA,Tree,Expert,c2b3e3,Betula,NA,NA,NA
Speulderbos,Fagaceae,Fagus sylvatica,NA,Tree,Expert,bf5b8e,Fagus sylvatica,NA,NA,NA
Speulderbos,Aquifoliaceae,Ilex aquifolium,NA,Shrub,Expert,448bdf,Acer,NA,NA,NA
Speulderbos,Pinaceae,Larix kaempferi,NA,Tree,Expert,c3587c,Larix,NA,NA,NA
Speulderbos,Pinaceae,Larix x marschlinsii,NA,Tree,Expert,c3587c,Larix,NA,NA,NA
Speulderbos,Pinaceae,Pinus sylvestris,NA,Tree,Expert,becaf9,Pinus sylvestris,NA,NA,NA
Speulderbos,Pinaceae,Pseudotsuga menziesii,NA,Tree,Expert,99d03e,Pseudotsuga menziesii,NA,NA,NA
Speulderbos,Fagaceae,Quercus petraea,NA,Tree,Expert,12b2a9,Quercus,NA,NA,NA
Speulderbos,Fagaceae,Quercus robur,NA,Tree,Expert,12b2a9,Quercus,NA,NA,NA
Speulderbos,Fagaceae,Quercus rubra,NA,Tree,Expert,6dd993,Quercus rubra,NA,NA,NA
Speulderbos,Rosaceae,Sorbus aucuparia,NA,Tree,Expert,448bdf,Acer,NA,NA,NA
Speulderbos,Pinaceae,Tsuga heterophylla,NA,Tree,Expert,99d03e,Pseudotsuga menziesii,NA,NA,NA
